,bauxite,owner,ownership,technology,category,province,refinery,2005,2006,2007,2008,2009,2010,2011,2012,2013,2014,2015,2016,2017,2018,2019,2020,2021,2022,2023,2024,2025,2026,2027,2028,2029,2030,2031
0,Domestic,Chalco,Chalco,H-B,Guangxi,Guangxi,Chalco Pingguo,0.95,1.0,1.0,1.8,2.0,2.0,2.5,2.5,2.5,2.5,2.5,2.5,2.5,2.5,2.5,2.5,2.5,2.5,2.5,2.5,2.5,2.5,2.5,2.5,2.5,2.5,2.5
1,Domestic,Chalco,Chalco,H-B,Guizhou,Guizhou,Chalco Zunyi,0.0,0.0,0.0,0.0,0.0,0.8,0.8,0.8,0.8,0.8,1.0,1.0,1.0,1.0,1.0,1.0,1.0,1.0,1.0,1.0,1.0,1.0,1.0,1.0,1.0,1.0,1.0
2,Domestic,Chalco,Chalco,H-B,Henan,Henan,Chalco Zhengzhou domestic,1.6,2.1,2.1,2.2,2.2,2.2,2.125,2.125,2.125,2.125,2.125,1.0,2.0,1.7,1.7,1.7,1.7,1.7,1.7,1.7,1.7,1.7,1.7,1.7,1.7,1.7,1.7
3,Domestic,Chalco,Chalco,H-B,Shanxi,Shanxi,Chalco Huaxing,0.0,0.0,0.0,0.0,0.0,0.0,0.0,0.0,0.0,1.0,1.0,2.0,2.0,2.0,1.75,1.85,2.0,2.0,2.0,2.0,2.0,2.0,2.0,2.0,2.0,2.0,2.0
4,Domestic,Chalco,Chalco,H-B,Shanxi,Shanxi,Chalco Xinghua,0.0,0.0,0.0,0.0,0.0,0.0,0.0,0.0,0.0,0.0,0.35,0.35,0.9,0.9,0.35,0.1,0.0,0.0,0.0,0.0,0.0,0.0,0.0,0.0,0.0,0.0,0.0
5,Domestic,Chalco,Chalco,"H-B (Lime), sinter",Shanxi,Shanxi,Chalco Shanxi,1.4,2.2,2.2,2.2,2.2,2.2,2.2,2.7,2.7,2.7,2.7,2.7,2.7,2.7,1.5,1.5,1.5,1.5,1.5,1.5,1.5,1.5,1.5,1.5,1.5,1.5,1.5
6,Domestic,Chalco,Chalco,H-B-ODT-Sweet,Henan,Henan,Chalco Zhongzhou Dom. Bayer,0.7,0.7,1.0,1.0,1.0,1.0,2.0,2.0,2.0,2.2,2.3,2.3,2.3,2.2,0.5,0.0,0.0,0.0,0.0,0.0,0.0,0.0,0.0,0.0,0.0,0.0,0.0
7,Domestic,Chalco,Chalco,Series & Sinter (95:25),Guizhou,Guizhou,Chalco Guizhou,0.95,1.2,1.2,1.2,1.2,1.2,1.2,1.2,1.2,1.2,0.0,0.0,0.0,0.0,0.0,0.0,0.0,0.0,0.0,0.0,0.0,0.0,0.0,0.0,0.0,0.0,0.0
8,Domestic,Chalco,Chalco,Sinter,Henan,Henan,Chalco Zhongzhou Dom. Sinter,0.87,1.0,1.0,1.0,1.0,1.0,0.8,0.8,0.8,0.6,0.5,0.5,0.5,0.5,0.5,0.3,0.3,0.3,0.3,0.3,0.3,0.3,0.3,0.3,0.3,0.3,0.3
9,Domestic,Chalco,Chalco,Sintering,Other,Shandong,Chalco Shandong sinter,0.3,0.3,0.3,0.3,0.3,0.3,0.5,0.5,0.5,0.5,0.7,0.7,0.7,0.7,0.0,0.0,0.0,0.0,0.0,0.0,0.0,0.0,0.0,0.0,0.0,0.0,0.0
10,Domestic,Chalco,"Chalco, Guangxi Investment Group, Minmetal",H-B,Guangxi,Guangxi,Huayin,0.0,0.0,0.4,1.6,1.6,2.0,2.0,2.0,2.0,2.0,2.0,2.2,2.2,2.2,2.2,2.2,2.2,2.2,2.2,2.2,2.2,2.2,2.2,2.2,2.2,2.2,2.2
11,Domestic,Chalco,"Chalco, Jinjiang",H-B,Guizhou,Guizhou,Huajin,0.0,0.0,0.0,0.0,0.0,0.0,0.0,0.0,0.0,0.0,1.6,1.6,1.6,1.6,1.6,1.6,1.6,1.6,1.6,1.6,1.6,1.6,1.6,1.6,1.6,1.6,1.6
12,Domestic,Chalco,Yunnan Aluminium Companuy,H-B,Other,Yunnan,YMG - Wenshan,0.0,0.0,0.0,0.0,0.0,0.0,0.8,0.8,0.8,0.8,0.8,1.0,1.6,1.6,1.6,1.6,1.6,1.6,1.6,1.6,1.6,1.6,1.6,1.6,1.6,1.6,1.6
13,Domestic,East Hope,East Hope,H-B,Shanxi,Shanxi,East Hope Lingshi,0.0,0.0,0.0,0.0,0.0,0.0,0.0,0.0,0.0,0.0,0.0,1.0,2.0,3.0,1.95,1.0,1.0,1.0,1.0,1.0,1.0,1.0,1.0,1.0,1.0,1.0,1.0
14,Domestic,East Hope,East Hope,"H-B, ODT",Henan,Henan,East Hope Mianchi,0.0,0.8,1.2,1.6,2.5,2.5,2.5,2.5,2.5,2.5,2.5,2.5,2.5,2.5,2.5,2.5,2.5,2.5,2.5,2.5,2.5,2.5,2.5,2.5,2.5,2.5,2.5
15,Domestic,Jinjiang,Jinjiang,H-B,Guangxi,Guangxi,Jinjiang Longzhou,0.0,0.0,0.0,0.0,0.0,0.0,0.0,0.0,0.0,0.0,0.0,0.0,0.0,0.0,0.0,0.0,0.0,1.0,1.0,1.0,1.0,1.0,1.0,1.0,1.0,1.0,1.0
16,Domestic,Jinjiang,Jinjiang,H-B,Guangxi,Guangxi,Jinjiang Tiandong,0.0,0.0,0.0,0.0,0.0,0.0,0.0,0.0,1.0,1.0,1.0,1.0,1.0,1.0,1.0,1.0,1.0,1.0,1.0,1.0,1.0,1.0,1.0,1.0,1.0,1.0,1.0
17,Domestic,Jinjiang,Jinjiang,H-B,Shanxi,Shanxi,Fusheng,0.0,0.0,0.0,0.0,0.0,0.0,0.0,0.0,0.0,0.8,0.8,0.8,0.8,0.8,0.8,0.8,0.8,0.8,0.8,0.8,0.8,0.8,0.8,0.8,0.8,0.8,0.8
18,Domestic,Jinjiang,Jinjiang,H-B,Shanxi,Shanxi,Xingan Chemical,0.0,0.0,0.0,1.0,1.0,1.0,1.7,2.4,2.4,2.4,2.4,2.4,2.4,2.4,2.65,2.1,2.1,2.1,2.1,2.1,2.1,2.1,2.1,2.1,2.1,2.1,2.1
19,Domestic,Jinjiang,Jinjiang,"H-B, ODT, Sweetening",Henan,Henan,Kaiman,0.0,1.35,1.4,2.0,2.0,2.0,2.0,2.0,2.0,2.0,2.0,2.0,2.0,2.0,1.99,1.5,1.5,1.5,1.5,1.5,1.5,1.5,1.5,1.5,1.5,1.5,1.5
20,Domestic,Jinjiang,"Jinjiang, Yima Coal Group","H-B, CGA",Henan,Henan,Yima Yixiang,0.05,0.15,0.2,0.3,0.5,0.5,0.5,0.5,0.5,0.5,0.5,0.5,0.5,0.5,0.5,0.5,0.5,0.5,0.5,0.5,0.5,0.5,0.5,0.5,0.5,0.5,0.5
21,Domestic,Other,Aokaida,H-B,Shanxi,Shanxi,Aokaida,0.0,0.0,0.0,0.0,0.0,0.1,0.1,0.2,0.2,0.2,0.2,0.2,0.2,0.3,0.3,0.3,0.3,0.3,0.3,0.3,0.3,0.3,0.3,0.3,0.3,0.3,0.3
22,Domestic,Other,BXG,H-B,Other,Inner Mongolia,Xinwang H-B,0.0,0.0,0.0,0.0,0.0,0.0,0.0,0.0,0.0,0.0,0.0,0.5,0.5,0.5,0.5,0.5,0.5,0.5,0.5,0.5,0.5,0.5,0.5,0.5,0.5,0.5,0.5
23,Domestic,Other,Bosai,H-B,Other,Chongqing,Bosai Xianfeng domestic,0.15,0.2,0.2,0.2,0.3,0.3,0.3,0.3,0.3,0.3,0.3,0.3,0.6,0.6,0.6,0.6,0.6,0.6,0.6,0.6,0.6,0.6,0.6,0.6,0.6,0.6,0.6
24,Domestic,Other,Bosai,H-B,Other,Chongqing,Shuijiang,0.0,0.0,0.0,0.0,0.0,0.8,0.8,0.8,0.8,0.8,0.8,0.8,0.8,0.8,0.644,0.5,0.8,0.8,0.8,0.8,0.8,0.8,0.8,0.8,0.8,0.8,0.8
25,Domestic,Other,Guangdong Guang Al Group Co.Ltd,H-B,Guizhou,Guizhou,Qingzhen Guanglv,0.0,0.0,0.0,0.0,0.0,0.0,0.0,0.5,0.5,0.5,0.5,0.5,0.5,0.5,0.5,0.5,0.5,0.5,0.5,0.5,0.5,0.5,0.5,0.5,0.5,0.5,0.5
26,Domestic,Other,Private,H-B,Guizhou,Guizhou,Kaisheng,0.055,0.055,0.105,0.105,0.105,0.105,0.105,0.0,0.0,0.0,0.0,0.0,0.0,0.0,0.0,0.0,0.0,0.0,0.0,0.0,0.0,0.0,0.0,0.0,0.0,0.0,0.0
27,Domestic,Other,Private,H-B,Henan,Henan,Jingxin,0.0,0.05,0.1,0.1,0.1,0.1,0.2,0.2,0.2,0.2,0.2,0.2,0.2,0.2,0.2,0.2,0.2,0.2,0.2,0.2,0.2,0.2,0.2,0.2,0.2,0.2,0.2
28,Domestic,Other,Private,H-B,Henan,Henan,Shaoxing,0.0,0.1,0.1,0.1,0.1,0.1,0.1,0.0,0.0,0.0,0.0,0.0,0.0,0.0,0.0,0.0,0.0,0.0,0.0,0.0,0.0,0.0,0.0,0.0,0.0,0.0,0.0
29,Domestic,Other,Private,H-B,Henan,Henan,Weilai,0.0,0.1,0.1,0.1,0.1,0.2,0.2,0.2,0.2,0.2,0.2,0.2,0.2,0.2,0.2,0.2,0.2,0.2,0.2,0.2,0.2,0.2,0.2,0.2,0.2,0.2,0.2
30,Domestic,Other,Private,H-B,Henan,Henan,Yifeng Gongyi (Yulian Xinya),0.0,0.0,0.15,0.15,0.15,0.15,0.15,0.15,0.15,0.15,0.15,0.15,0.15,0.15,0.15,0.15,0.15,0.15,0.15,0.15,0.15,0.15,0.15,0.15,0.15,0.15,0.15
31,Domestic,Other,Private,H-B,Henan,Henan,Zhongchao,0.0,0.03,0.03,0.03,0.03,0.03,0.0,0.0,0.0,0.0,0.0,0.0,0.0,0.0,0.0,0.0,0.0,0.0,0.0,0.0,0.0,0.0,0.0,0.0,0.0,0.0,0.0
32,Domestic,Other,Private,H-B,Other,Hubei,Jialu Xianfeng,0.0,0.06,0.06,0.06,0.06,0.06,0.12,0.12,0.12,0.12,0.12,0.12,0.12,0.12,0.12,0.12,0.12,0.12,0.12,0.12,0.12,0.12,0.12,0.12,0.12,0.12,0.12
33,Domestic,Other,Private,H-B,Other,Hubei,Jinshi,0.0,0.0,0.0,0.0,0.0,0.0,0.1,0.1,0.1,0.1,0.1,0.1,0.1,0.1,0.1,0.1,0.1,0.1,0.1,0.1,0.1,0.1,0.1,0.1,0.1,0.1,0.1
34,Domestic,Other,Private,H-B,Other,Hunan,Huixiang,0.0,0.0,0.0,0.05,0.1,0.1,0.1,0.1,0.1,0.1,0.1,0.1,0.1,0.1,0.1,0.1,0.1,0.1,0.1,0.1,0.1,0.1,0.1,0.1,0.1,0.1,0.1
35,Domestic,Other,Private,H-B,Shanxi,Shanxi,Gangyuan Jiaohua,0.0,0.0,0.0,0.0,0.0,0.07,0.07,0.07,0.0,0.0,0.0,0.0,0.0,0.0,0.0,0.0,0.0,0.0,0.0,0.0,0.0,0.0,0.0,0.0,0.0,0.0,0.0
36,Domestic,Other,Private,H-B,Shanxi,Shanxi,Huaqing,0.0,0.0,0.0,0.0,0.1,0.1,0.1,0.1,0.1,0.1,0.1,0.1,0.4,0.4,0.4,0.4,0.4,0.4,0.4,0.4,0.4,0.4,0.4,0.4,0.4,0.4,0.4
37,Domestic,Other,Private,H-B,Shanxi,Shanxi,Qiangjin Aluminium,0.0,0.0,0.0,0.0,0.0,0.0,0.0,0.0,0.0,0.0,0.0,0.0,0.0,0.0,0.0,0.0,0.0,1.2,1.2,1.2,1.2,1.2,1.2,1.2,1.2,1.2,1.2
38,Domestic,Other,Private,H-B,Shanxi,Shanxi,Taixing,0.0,0.0,0.0,0.1,0.1,0.1,0.1,0.1,0.1,0.1,0.1,0.1,0.1,0.4,0.4,0.4,0.4,0.4,0.4,0.4,0.4,0.4,0.4,0.4,0.4,0.4,0.4
39,Domestic,Other,Private,H-B,Shanxi,Shanxi,Tiantong,0.0,0.0,0.0,0.05,0.1,0.1,0.1,0.1,0.1,0.1,0.1,0.1,0.1,0.1,0.1,0.1,0.1,0.1,0.1,0.1,0.1,0.1,0.1,0.1,0.1,0.1,0.1
40,Domestic,Other,Private,H-B,Shanxi,Shanxi,Wusheng,0.0,0.0,0.2,0.2,0.2,0.3,0.3,0.3,0.3,0.3,0.3,0.3,0.3,0.3,0.3,0.3,0.3,0.3,0.3,0.3,0.3,0.3,0.3,0.3,0.3,0.3,0.3
41,Domestic,Other,Senze,H-B & Sinter (1.2:0.1),Shanxi,Shanxi,Senze,0.0,0.0,0.0,0.0,0.1,0.1,0.4,0.7,0.7,0.7,0.7,0.7,1.3,1.3,1.3,1.3,1.3,1.3,1.3,1.3,1.3,1.3,1.3,1.3,1.9,1.9,1.9
42,Domestic,Other,Shanghai Huafei Investment Co.Ltd,H-B,Guizhou,Guizhou,Huafei,0.0,0.0,0.0,0.1,0.1,0.1,0.1,0.1,0.1,0.2,0.2,0.2,0.2,0.2,0.2,0.2,0.2,0.2,0.2,0.2,0.2,0.2,0.2,0.2,0.2,0.2,0.2
43,Domestic,Other,Tianyuan Chemical,H-B,Shanxi,Shanxi,Dongxu Tianyuan,0.0,0.1,0.1,0.1,0.1,0.25,0.25,0.4,0.4,0.4,0.4,0.4,0.4,0.4,0.4,0.0,0.0,0.0,0.0,0.0,0.0,0.0,0.0,0.0,0.0,0.0,0.0
44,Domestic,Other,Wanji Holdings,H-B,Henan,Henan,Wanji,0.0,0.0,0.4,0.8,0.8,0.8,0.8,0.8,1.4,1.4,1.4,1.4,1.4,1.4,0.28,0.4,0.4,0.4,0.4,0.4,0.4,0.4,0.4,0.4,0.4,0.4,0.4
45,Domestic,Other,"Yongmei Group, Wuzhou Aluminium, Dengfeng Electric Power Corporation","H-B, Sweetening",Henan,Henan,Zhongmei,0.0,0.0,0.4,0.4,0.4,0.4,0.5,0.5,0.5,0.5,0.5,0.5,0.5,0.5,0.5,0.5,0.5,0.5,0.5,0.5,0.5,0.5,0.5,0.5,0.5,0.5,0.5
46,Domestic,Other,Zengshi,H-B,Guangxi,Guangxi,Tiangui,0.0,0.0,0.0,0.0,0.0,0.0,0.0,0.0,0.0,0.0,0.0,0.0,0.0,0.0,0.8,0.5,0.6,0.8,0.8,1.6,1.6,1.6,1.6,1.6,1.6,1.6,1.6
47,Domestic,Other,Zengshi Group,H-B,Guizhou,Guizhou,Xian,0.0,0.0,0.0,0.0,0.2,0.2,0.2,0.2,0.2,0.2,0.2,0.2,0.2,0.2,0.2,0.2,0.2,0.6,0.6,0.6,0.6,0.6,0.6,0.6,0.6,0.6,0.6
48,Domestic,Qiya,Qiya,H-B,Guizhou,Guizhou,Qizheng Chemical,0.0,0.0,0.0,0.0,0.0,0.0,0.5,0.5,0.5,1.0,1.0,1.0,1.0,1.0,1.0,1.0,1.0,1.0,1.0,1.0,1.0,1.0,1.0,1.0,1.0,1.0,1.0
49,Domestic,SPIC,SPIC,H-B,Guizhou,Guizhou,SPIC - Wuchuan,0.0,0.0,0.0,0.0,0.0,0.0,0.0,0.0,0.0,0.0,0.0,0.0,0.0,0.0,0.0,1.0,1.0,1.0,1.0,1.0,1.0,1.0,1.0,1.0,1.0,1.0,1.0
50,Domestic,SPIC,SPIC,H-B,Other,Chongqing,Tuoyuan,0.15,0.15,0.15,0.15,0.15,0.15,0.15,0.15,0.15,0.15,0.15,0.15,0.15,0.15,0.15,0.15,0.15,0.15,0.15,0.15,0.15,0.15,0.15,0.15,0.15,0.15,0.15
51,Domestic,SPIC,SPIC,H-B & Sinter,Shanxi,Shanxi,SPIC Shanxi,0.0,1.0,1.0,1.0,1.2,2.0,2.9,2.9,2.9,2.9,2.9,2.9,2.9,2.9,0.45,0.9,0.9,0.9,0.9,0.9,0.9,0.9,0.9,0.9,0.9,0.9,0.9
52,Domestic,Shenhuo,Shenhuo,Sintering,Henan,Henan,Shenhuo,0.0,0.0,0.0,0.1,0.1,0.1,0.1,0.1,0.1,0.1,0.1,0.1,0.1,0.1,0.1,0.1,0.1,0.1,0.1,0.1,0.1,0.1,0.1,0.1,0.1,0.1,0.1
53,Domestic,Shenhuo,"Shenhuo, Huiyuan","H-B, ODT",Henan,Henan,Huiyuan Lushan,0.3,0.4,0.4,0.4,0.4,0.8,0.8,0.8,0.8,0.8,0.8,0.8,0.8,0.8,0.8,0.8,0.8,0.8,0.8,0.8,0.8,0.8,0.8,0.8,0.8,0.8,0.8
54,Domestic,Xinfa,Xinfa,H-B,Guangxi,Guangxi,Xinfa Jingxi,0.0,0.0,0.0,1.6,1.6,2.4,2.4,2.4,2.4,2.4,2.4,2.4,2.4,2.4,2.232,2.2,2.4,2.4,2.4,2.4,2.4,2.4,2.4,2.4,2.4,2.4,2.4
55,Domestic,Xinfa,Xinfa,H-B,Shanxi,Shanxi,Xinfa - Jiaokou,0.0,0.0,0.0,0.2,0.2,0.0,1.2,2.4,2.4,2.4,2.4,2.4,2.4,2.4,2.8,2.8,2.8,2.8,2.8,2.8,2.8,2.8,2.8,2.8,2.8,2.8,2.8
56,Domestic,Xinfa,Xinfa,H-B,Shanxi,Shanxi,Xinfa - Xiaoyi,0.0,0.0,0.0,0.0,0.0,0.0,0.0,0.0,1.0,1.0,2.0,2.0,2.0,3.0,3.32,3.32,3.47,3.47,3.47,3.47,3.47,3.47,3.47,3.47,3.47,3.47,3.47
57,Domestic,Xinfa,"Xinfa, Yangquan Coal",H-B (Lime),Shanxi,Shanxi,Yangquan Zhaofeng,0.0,0.0,0.4,0.4,0.4,0.4,0.4,1.1,1.1,1.1,1.1,1.1,1.1,1.1,1.1,1.1,1.1,1.1,1.1,1.1,1.1,1.1,1.1,1.1,1.1,1.1,1.1
58,Fly ash,Other,Private,fly ash,Other,Inner Mongolia,Datang Tuoketuo Fly Ash,0.0,0.0,0.0,0.0,0.0,0.0,0.0,0.0,0.2,0.2,0.2,0.2,0.2,0.2,0.2,0.2,0.2,0.2,0.2,0.2,0.2,0.2,0.2,0.2,0.2,0.2,0.2
59,Fly ash,Other,Private,fly ash,Other,Inner Mongolia,Mengxi Fly Ash,0.0,0.0,0.0,0.0,0.0,0.0,0.0,0.0,0.2,0.2,0.2,0.2,0.2,0.0,0.0,0.0,0.0,0.0,0.0,0.0,0.0,0.0,0.0,0.0,0.0,0.0,0.0
60,Imported,Chalco,Chalco,H-B,Shanxi,Shanxi,Chalco Xinghua import,0.0,0.0,0.0,0.0,0.0,0.0,0.0,0.0,0.0,0.0,0.0,0.0,0.0,0.0,0.55,0.8,0.9,0.9,0.9,0.9,0.9,0.9,0.9,0.9,0.9,0.9,0.9
61,Imported,Chalco,Chalco,L-B,Guangxi,Guangxi,Huasheng,0.0,0.0,0.0,0.0,0.0,0.0,0.0,0.0,0.0,0.0,0.0,0.0,0.0,0.0,0.0,2.0,2.0,2.0,2.0,2.0,2.0,4.0,4.0,4.0,4.0,4.0,4.0
62,Imported,Chalco,Chalco,L-B,Henan,Henan,Chalco Zhengzhou import,0.0,0.0,0.0,0.0,0.0,0.0,0.175,0.175,0.175,0.175,0.175,0.0,0.0,0.3,0.3,0.3,0.3,0.3,0.3,0.3,0.3,0.3,0.3,0.3,0.3,0.3,0.3
63,Imported,Chalco,Chalco,L-B,Henan,Henan,Chalco Zhongzhou LT Amt,0.0,0.0,0.0,0.0,0.0,0.0,0.2,0.2,0.2,0.2,0.2,0.2,0.2,0.3,2.0,2.7,2.7,2.7,2.7,2.7,2.7,2.7,2.7,2.7,2.7,2.7,2.7
64,Imported,Chalco,Chalco,L-B,Other,Jiangsu,Chalco Lianyungang,0.0,0.0,0.0,0.0,0.0,0.0,0.0,0.0,0.0,0.0,0.0,0.0,0.0,0.0,0.0,0.0,0.0,0.0,0.0,1.0,1.0,2.0,2.0,2.0,2.0,2.0,2.0
65,Imported,Chalco,Chalco,L-B,Other,Shandong,Chalco Shandong L-B,0.925,1.15,1.7,1.7,1.7,1.7,2.0,2.0,2.0,2.0,2.0,2.0,2.0,2.0,2.0,2.0,2.0,2.0,2.0,2.0,2.0,2.0,2.0,2.0,2.0,2.0,2.0
66,Imported,Chalco,Chalco,L-B,Other,Shandong,Chalco Shandong sinter import,0.0,0.0,0.0,0.0,0.0,0.0,0.0,0.0,0.0,0.0,0.0,0.0,0.0,0.0,0.7,0.7,0.7,0.7,0.7,0.7,0.7,0.7,0.7,0.7,0.7,0.7,0.7
67,Imported,Chalco,Chalco,L-B,Shanxi,Shanxi,Chalco Shanxi import,0.0,0.0,0.0,0.0,0.0,0.0,0.0,0.0,0.0,0.0,0.0,0.0,0.0,0.0,1.2,1.2,1.2,1.2,1.2,1.2,1.2,1.2,1.2,1.2,1.2,1.2,1.2
68,Imported,East Hope,East Hope,L-B,Henan,Henan,East Hope Mianchi Added LT,0.0,0.0,0.0,0.0,0.0,0.0,0.0,0.0,0.0,0.0,0.0,0.0,0.0,0.0,0.3,0.3,0.3,0.3,0.3,0.3,0.3,0.3,0.3,0.3,0.3,0.3,0.3
69,Imported,East Hope,East Hope,L-B,Shanxi,Shanxi,East Hope Lingshi Import,0.0,0.0,0.0,0.0,0.0,0.0,0.0,0.0,0.0,0.0,0.0,0.0,0.0,0.0,1.3,2.3,2.3,2.3,2.3,2.3,2.3,2.3,2.3,2.3,2.3,2.3,2.3
70,Imported,Jinjiang,Jinjiang,L-B,Henan,Henan,Kaiman Import,0.0,0.0,0.0,0.0,0.0,0.0,0.0,0.0,0.0,0.0,0.0,0.0,0.0,0.0,0.0,0.5,0.5,0.5,0.5,0.5,0.5,0.5,0.5,0.5,0.5,0.5,0.5
71,Imported,Jinjiang,Jinjiang,L-B,Other,Jiangsu,Jinjiang Lianyungang,0.0,0.0,0.0,0.0,0.0,0.0,0.0,0.0,0.0,0.0,0.0,0.0,0.0,0.0,0.0,0.0,0.0,0.0,0.0,0.0,0.0,1.0,1.0,1.0,2.0,2.0,2.0
72,Imported,Jinjiang,Jinjiang,L-B,Shanxi,Shanxi,Xingan Chemical import,0.0,0.0,0.0,0.0,0.0,0.0,0.0,0.0,0.0,0.0,0.0,0.0,0.0,0.0,0.0,0.7,0.7,0.7,0.7,0.7,0.7,0.7,0.7,0.7,0.7,0.7,0.7
73,Imported,Jinjiang,Lubei Group,L-B,Other,Shandong,Lubei,0.0,0.0,1.0,1.0,1.0,1.0,1.0,1.0,1.0,1.0,1.0,1.0,1.0,1.0,1.0,1.0,1.0,2.0,2.0,2.0,2.0,2.0,2.0,2.0,2.0,2.0,2.0
74,Imported,Nanshan,Nanshan Group,H-B,Other,Shandong,Nanshan Donghai H-B,0.0,0.0,0.0,0.0,0.0,0.4,1.0,1.0,1.0,1.0,1.0,1.0,1.0,1.0,1.0,1.0,1.0,1.0,1.0,1.0,1.0,1.0,1.0,1.0,1.0,1.0,1.0
75,Imported,Nanshan,Nanshan Group,L-B,Other,Shandong,Nanshan Donghai L-B,0.0,0.5,0.7,0.7,0.7,0.7,0.7,0.7,0.7,0.7,0.7,0.7,0.7,0.7,0.7,0.7,0.7,0.7,0.7,0.7,0.7,0.7,0.7,0.7,0.7,0.7,0.7
76,Imported,Other,BXG,L-B,Other,Inner Mongolia,Xinwang L-B,0.0,0.0,0.0,0.0,0.0,0.0,0.0,0.0,1.0,1.0,1.0,0.5,0.5,0.5,0.5,0.5,0.5,0.5,0.5,0.5,0.5,0.5,0.5,0.5,0.5,0.5,0.5
77,Imported,Other,Bosai,L-B,Other,Chongqing,Bosai Wanzhou,0.0,0.0,0.0,0.0,0.0,0.0,0.0,0.0,0.0,0.0,0.0,0.0,0.0,0.0,0.0,0.0,0.0,1.2,1.2,1.2,1.2,2.4,2.4,2.4,2.4,2.4,2.4
78,Imported,Other,Bosai,L-B,Other,Chongqing,Bosai Xianfeng import,0.0,0.0,0.0,0.0,0.0,0.3,0.3,0.5,0.5,0.5,0.5,0.5,0.5,0.5,0.5,0.5,0.5,0.5,0.5,0.5,0.5,0.5,0.5,0.5,0.5,0.5,0.5
79,Imported,Other,Chuangxin Group,L-B,Other,Shandong,Bochuang,0.0,0.0,0.0,0.0,0.0,0.0,0.0,0.0,0.5,0.5,0.5,0.5,0.5,0.5,0.5,0.5,1.4,1.4,1.4,1.4,1.4,1.4,1.4,1.4,1.4,1.4,1.4
80,Imported,Other,Jinguotou,H-B,Other,Inner Mongolia,Qihui H-B,0.0,0.0,0.0,0.0,0.0,0.0,0.0,0.0,0.0,0.0,0.0,0.0,0.0,0.0,0.0,0.0,0.0,1.3,1.3,1.3,1.3,1.3,1.3,1.3,1.3,1.3,1.3
81,Imported,Other,Jinguotou,L-B,Other,Inner Mongolia,Qihui L-B,0.0,0.0,0.0,0.0,0.0,0.0,0.0,0.0,0.0,0.0,0.0,0.0,0.0,0.0,0.0,0.0,0.0,0.0,0.0,0.0,1.3,1.3,1.3,1.3,1.3,1.3,1.3
82,Imported,Other,Private,L-B,Other,Inner Mongolia,Mengxi import,0.0,0.0,0.0,0.0,0.0,0.0,0.0,0.0,0.0,0.0,0.0,0.0,0.0,0.2,0.2,0.2,0.2,0.2,0.2,0.2,0.2,0.2,0.2,0.2,0.2,0.2,0.2
83,Imported,Other,Private,L-B,Other,Shandong,Nanhan,0.0,0.0,0.0,0.1,0.1,0.1,0.1,0.1,0.1,0.1,0.1,0.1,0.1,0.1,0.1,0.1,0.1,0.1,0.1,0.1,0.1,0.1,0.1,0.1,0.1,0.1,0.1
84,Imported,Other,Tianyuan Chemical,L-B,Shanxi,Shanxi,Dongxu Tianyuan import,0.0,0.0,0.0,0.0,0.0,0.0,0.0,0.0,0.0,0.0,0.0,0.0,0.0,0.0,0.0,0.4,0.4,0.4,0.4,0.4,0.4,0.4,0.4,0.4,0.4,0.4,0.4
85,Imported,Other,Wanji Holdings,L-B,Henan,Henan,Wanji import,0.0,0.0,0.0,0.0,0.0,0.0,0.0,0.0,0.0,0.0,0.0,0.0,0.0,0.0,1.0,1.0,1.0,1.0,1.0,1.0,1.0,1.0,1.0,1.0,1.0,1.0,1.0
86,Imported,Qiya,Qiya,L-B,Guizhou,Guizhou,Qizheng Chemical Added LT,0.0,0.0,0.0,0.0,0.0,0.0,0.0,0.0,0.0,0.0,0.0,0.0,0.0,0.0,0.2,0.2,0.2,0.2,0.2,0.2,0.2,0.2,0.2,0.2,0.2,0.2,0.2
87,Imported,SPIC,SPIC,L-B,Shanxi,Shanxi,SPIC Shanxi import,0.0,0.0,0.0,0.0,0.0,0.0,0.0,0.0,0.0,0.0,0.0,0.0,0.0,0.0,2.0,2.0,2.0,2.0,2.0,2.0,2.0,2.0,2.0,2.0,2.0,2.0,2.0
88,Imported,Weiqiao,Weiqiao,H-B,Other,Shandong,Weiqiao - Binzhou H-B,0.0,0.0,0.0,0.0,0.0,0.0,0.0,0.0,0.0,1.0,1.0,2.0,2.0,2.0,2.0,2.0,2.0,2.0,2.0,2.0,2.0,2.0,2.0,2.0,2.0,2.0,2.0
89,Imported,Weiqiao,Weiqiao,H-B,Other,Shandong,Weiqiao-Wudi-Zhanhua H-B,0.0,0.0,0.0,0.0,0.0,0.0,0.0,0.0,0.0,0.0,1.0,2.0,3.0,3.0,3.0,3.0,3.0,3.0,3.0,3.0,3.0,3.0,3.0,3.0,3.0,3.0,3.0
90,Imported,Weiqiao,Weiqiao,L-B,Other,Shandong,Weiqiao - Binzhou L-B,0.0,2.0,4.0,4.0,4.0,5.0,6.0,6.0,6.0,3.0,3.0,4.0,4.0,4.0,4.0,4.0,4.0,4.0,4.0,4.0,4.0,4.0,4.0,4.0,4.0,4.0,4.0
91,Imported,Weiqiao,Weiqiao,L-B,Other,Shandong,Weiqiao-Wudi-Zhanhua L-B,0.0,0.0,0.0,0.0,0.0,0.0,0.0,1.0,1.0,4.0,4.5,5.0,7.0,7.0,8.0,9.0,9.0,9.0,9.0,9.0,9.0,9.0,9.0,9.0,9.0,9.0,9.0
92,Imported,Xinfa,Xinfa,H-B,Other,Shandong,Chiping Xinfa H-B,0.5,1.0,2.0,2.0,2.0,2.0,2.0,2.0,2.0,2.0,2.0,2.0,2.0,2.0,2.0,2.0,2.0,2.0,2.0,2.0,2.0,2.0,2.0,2.0,2.0,2.0,2.0
93,Imported,Xinfa,Xinfa,L-B,Other,Shandong,Chiping Xinfa L-B,0.0,1.0,2.0,2.0,2.0,2.0,3.0,6.0,6.0,6.0,6.0,6.0,6.0,6.0,6.0,6.0,6.0,6.0,6.0,6.0,6.0,6.0,6.0,6.0,6.0,6.0,6.0
94,Imported,spare,spare,H-B,Guangxi,Guangxi,Guangxi - blending,0.0,0.0,0.0,0.0,0.0,0.0,0.0,0.0,0.0,0.0,0.0,0.0,0.0,0.0,0.168,0.5,0.2,0.0,0.0,0.0,0.0,0.0,0.0,0.0,0.0,0.0,0.0
95,Imported,spare,spare,H-B,Guizhou,Guizhou,Guizhou - blending,0.0,0.0,0.0,0.0,0.0,0.0,0.0,0.0,0.0,0.0,0.0,0.0,0.0,0.0,0.0,0.0,0.0,0.0,0.0,0.0,0.0,0.0,0.0,0.0,0.0,0.0,0.0
96,Imported,spare,spare,H-B,Henan,Henan,Henan - blending,0.0,0.0,0.0,0.0,0.0,0.0,0.0,0.0,0.0,0.0,0.0,0.0,0.0,0.0,0.13,0.0,0.0,0.0,0.0,0.0,0.0,0.0,0.0,0.0,0.0,0.0,0.0
97,Imported,spare,spare,H-B,Other,Chongqing,Other - blending,0.0,0.0,0.0,0.0,0.0,0.0,0.0,0.0,0.0,0.0,0.0,0.0,0.0,0.0,0.156,0.3,0.0,0.0,0.0,0.0,0.0,0.0,0.0,0.0,0.0,0.0,0.0
98,Imported,spare,spare,H-B,Shanxi,Shanxi,Shanxi - blending,0.0,0.0,0.0,0.0,0.0,0.0,0.0,0.0,0.0,0.0,0.0,0.0,0.0,0.0,1.05,0.3,0.0,0.0,0.0,0.0,0.0,0.0,0.0,0.0,0.0,0.0,0.0
99,Spare,spare,spare,spare,spare,spare,spare,0.0,0.0,0.0,0.0,0.0,0.0,0.0,0.0,0.0,0.0,0.0,0.0,0.0,0.0,0.0,0.0,0.0,0.0,0.0,0.0,0.0,0.0,0.0,0.0,0.0,0.0,0.0
