Ref. No.,Refinery,Refinery Province,Refinery Province Category,Technology,Refinery Ownership,Owner,Bauxite Source,Bauxite Self Supply,Bauxite Origin Province,Bauxite Origin Province Category,Bauxite Origin County,,2018,2019,2020,2021,2022,2023,2024,2025,2026,2027,2028,2029,2030
1.1,Bosai Xianfeng domestic,Chongqing,Other,H-B,Bosai,Other,Domestic,1,Nanchuan,Other,Nanchuan,,1005.127676,1009.967697,845.247893,848.779805,852.3518922,684.2795775,686.2638568,689.1540516,692.280981,694.5056802,522.1000425,348.5788488,0
1.1,Bosai Xianfeng domestic,Chongqing,Other,H-B,Bosai,Other,Domestic,1,Wulong,Other,Wulong,,188.1991838,189.1054249,158.2634399,158.9247519,159.5935862,128.1238802,128.4954149,129.0365723,129.6220557,130.0386063,97.75753289,65.26758381,0
5,Chalco Pingguo ,Guangxi,Guangxi,H-B,Chalco,Chalco,Domestic,1,Longzhou,Guangxi,Longzhou,,194.0684279,202.7452053,203.3273014,203.8926275,204.4444531,204.9855453,205.5182895,206.0447904,206.5669481,207.0865175,207.6051574,166.4930229,166.8995121
5,Chalco Pingguo ,Guangxi,Guangxi,H-B,Chalco,Chalco,Domestic,0.95,Pingguo,Guangxi,Pingguo,,5364.640242,5604.492699,5620.583601,5636.21093,5651.465064,5666.422494,5681.149161,5695.703243,5710.137265,5724.499741,5738.836521,4602.37237,4613.608964
5,Chalco Pingguo ,Guangxi,Guangxi,H-B,Chalco,Chalco,Domestic,1,Tiandong,Guangxi,Tiandong,,34.52334943,36.06688448,36.1704351,36.27100247,36.36916819,36.46542452,36.56019581,36.65385645,36.74674447,36.83917206,36.93143429,29.6178872,29.69019864
6.1,Jinjiang Chongzuo domestic,Guangxi,Guangxi,H-B,Jinjiang,Jinjiang,Domestic,1,Chongzuo,Guangxi,Chongzuo,,0,0,0,0,393.6595931,723.4061522,735.4231363,594.2818424,598.677021,451.5806538,453.6214762,455.7442964,457.9626523
6.1,Jinjiang Chongzuo domestic,Guangxi,Guangxi,H-B,Jinjiang,Jinjiang,Domestic,1,Longzhou,Guangxi,Longzhou,,0,0,0,0,282.3508884,518.8603894,527.4795268,426.2464553,429.3988809,323.8945551,325.3583275,326.8809124,328.47202
6.1,Jinjiang Chongzuo domestic,Guangxi,Guangxi,H-B,Jinjiang,Jinjiang,Domestic,1,Napo,Guangxi,Napo,,0,0,0,0,148.3731956,272.6570987,277.1863884,223.9891968,225.6457719,170.2040694,170.9732703,171.7733769,172.6094915
7,Huayin,Guangxi,Guangxi,H-B,"Chalco, Guangxi Investment Group, Minmetal",Chalco,Domestic,1,Debao,Guangxi,Debao,,2673.5443,2861.497015,2750.639919,2763.431437,2775.857581,2787.993666,2544.87877,2554.586834,2564.191861,2573.723139,2583.206614,2593.658023,2605.180306
7,Huayin,Guangxi,Guangxi,H-B,"Chalco, Guangxi Investment Group, Minmetal",Chalco,Domestic,1,Jingxi,Guangxi,Jingxi,,2637.141072,2822.534605,2713.18695,2725.804297,2738.061246,2750.032085,2510.227464,2519.803342,2529.277586,2538.679085,2548.033432,2558.342534,2569.707928
7,Huayin,Guangxi,Guangxi,H-B,"Chalco, Guangxi Investment Group, Minmetal",Chalco,Domestic,1,Tiandong,Guangxi,Tiandong,,33.62689873,35.99090179,34.59658028,34.75746749,34.91375916,35.06640256,32.00858901,32.13069362,32.25150227,32.37138332,32.49066313,32.62211728,32.76704049
7,Huayin,Guangxi,Guangxi,H-B,"Chalco, Guangxi Investment Group, Minmetal",Chalco,Domestic,1,Tianyang,Guangxi,Tianyang,,437.1057718,467.8347245,449.7103657,451.8016893,453.8332768,455.8174418,416.0698586,417.6570591,419.2274138,420.785711,422.3361927,424.044925,425.9287374
8,Jinjiang Tiandong,Guangxi,Guangxi,H-B,Jinjiang,Jinjiang,Domestic,1,Chongzuo,Guangxi,Chongzuo,,54.0265435,50.51147783,57.91053834,58.42964104,58.93109094,59.42028157,59.90135206,60.37757138,60.85165413,49.02304603,49.32781263,49.66662142,50.04413785
8,Jinjiang Tiandong,Guangxi,Guangxi,H-B,Jinjiang,Jinjiang,Domestic,1,Napo,Guangxi,Napo,,549.801042,514.0299814,589.3265099,594.6091579,599.712162,604.6904097,609.5860229,614.4322682,619.2567706,498.8829573,501.9844141,505.4323013,509.2740967
8,Jinjiang Tiandong,Guangxi,Guangxi,H-B,Jinjiang,Jinjiang,Domestic,1,Tiandong,Guangxi,Tiandong,,193.0152262,180.4573028,206.891186,208.7457323,210.5372121,212.2848945,214.003567,215.7049081,217.3986161,175.1397315,176.2285406,177.4389688,178.787684
8,Jinjiang Tiandong,Guangxi,Guangxi,H-B,Jinjiang,Jinjiang,Domestic,1,Tianyang,Guangxi,Tianyang,,1612.893787,1507.95597,1728.845517,1744.342668,1759.312818,1773.916982,1788.27873,1802.495653,1816.648791,1463.52073,1472.61915,1482.733855,1494.004129
9,Xinfa Jingxi,Guangxi,Guangxi,H-B,Xinfa,Xinfa,Domestic,1,Jingxi,Guangxi,Jingxi,,5469.655832,5924.730864,5872.681622,6474.823468,6574.454609,5335.388079,5406.758236,5482.853051,5565.034869,5655.175234,5756.13539,5885.938157,6067.474548
9,Xinfa Jingxi,Guangxi,Guangxi,H-B,Xinfa,Xinfa,Domestic,0,Napo,Guangxi,Napo,,309.0387711,334.750778,331.8099652,365.8313336,371.4605517,301.452564,305.4850199,309.7844217,314.4277427,319.5207263,325.2250345,332.5589672,342.8158801
11,Tiangui,Guangxi,Guangxi,H-B,Zengshi,Other,Domestic,0,Jingxi,Guangxi,Jingxi,,0,0,1123.22008,1207.030202,1728.761587,2020.668599,2063.911959,4115.360433,4413.8666,4607.466393,0,0,0
15,Chalco Zunyi,Guizhou,Guizhou,H-B,Chalco,Chalco,Domestic,1,Kaiyang,Guizhou,Kaiyang,,249.4906942,256.6071159,0,0,0,0,0,0,0,0,0,0,0
15,Chalco Zunyi,Guizhou,Guizhou,H-B,Chalco,Chalco,Domestic,1,Jinsha,Guizhou,Jinsha,,86.94554491,89.42556189,0,0,0,0,0,0,0,0,0,0,0
15,Chalco Zunyi,Guizhou,Guizhou,H-B,Chalco,Chalco,Domestic,0,Weng'an,Guizhou,Weng'an,,312.9476719,321.8741274,0,0,0,0,0,0,0,0,0,0,0
15,Chalco Zunyi,Guizhou,Guizhou,H-B,Chalco,Chalco,Domestic,0,Xifeng,Guizhou,Xifeng,,5.623851962,5.784265568,0,0,0,0,0,0,0,0,0,0,0
15,Chalco Zunyi,Guizhou,Guizhou,H-B,Chalco,Chalco,Domestic,1,Zunyi,Guizhou,Zunyi,,2275.789187,2340.703334,0,0,0,0,0,0,0,0,0,0,0
17,Huafei,Guizhou,Guizhou,H-B,Shanghai Huafei Investment Co.Ltd,Other,Domestic,0.6,Xiuwen,Guizhou,Xiuwen,,294.1559439,78.95935149,198.3324922,199.8227595,201.4770103,203.176625,204.9816809,206.8885183,208.843863,211.026279,213.7374266,217.3461217,221.7075052
17,Huafei,Guizhou,Guizhou,H-B,Shanghai Huafei Investment Co.Ltd,Other,Domestic,0,Zhijin,Guizhou,Zhijin,,92.37079146,24.79479997,62.28033007,62.7483035,63.26777102,63.80148369,64.36830698,64.96709168,65.58110864,66.2664305,67.11778452,68.25098624,69.62054705
18,Qingzhen Guanglv,Guizhou,Guizhou,H-B,Guangdong Guang Al Group Co.Ltd,Other,Domestic,0,Longli,Guizhou,Longli,,1.308393173,1.199550062,1.208724415,1.21876243,1.22976589,1.991160099,2.022676005,2.058798846,2.635378869,0,0,0,0
18,Qingzhen Guanglv,Guizhou,Guizhou,H-B,Guangdong Guang Al Group Co.Ltd,Other,Domestic,0.6,Qingzhen,Guizhou,Qingzhen,,1179.07212,1080.987018,1089.254582,1098.300444,1108.216326,1794.354638,1822.755525,1855.307999,2374.899086,0,0,0,0
18,Qingzhen Guanglv,Guizhou,Guizhou,H-B,Guangdong Guang Al Group Co.Ltd,Other,Domestic,0,Zhijin,Guizhou,Zhijin,,176.1244737,161.4729636,162.7079351,164.0591651,165.5403549,268.0326003,272.2749966,277.1375384,354.7517106,0,0,0,0
19.1,Qizheng Chemical,Guizhou,Guizhou,H-B,Qiya,Qiya,Domestic,0.2,Fuquan,Guizhou,Fuquan,,153.7180865,139.9009619,157.101821,159.0461928,161.2658393,163.698185,166.5974686,153.1383717,0,0,0,0,0
19.1,Qizheng Chemical,Guizhou,Guizhou,H-B,Qiya,Qiya,Domestic,0.5,Huangping,Guizhou,Huangping,,438.5008391,399.0856937,448.1533821,453.6999557,460.031786,466.9703684,475.240952,436.8471273,0,0,0,0,0
19.1,Qizheng Chemical,Guizhou,Guizhou,H-B,Qiya,Qiya,Domestic,0.7,Kaili,Guizhou,Kaili,,1815.077444,1651.927149,1855.032015,1877.990833,1904.200047,1932.920777,1967.155033,1808.232269,0,0,0,0,0
20,SPIC - Wuchuan,Guizhou,Guizhou,H-B,SPIC,SPIC,Domestic,1,Daozhen,Guizhou,Daozhen,,0,0,921.4427351,1138.4611,1152.640687,1162.496312,1170.690306,1177.788216,1183.906119,1189.689345,1195.66395,1201.963471,1207.577615
20,SPIC - Wuchuan,Guizhou,Guizhou,H-B,SPIC,SPIC,Domestic,1,Wuchuan,Guizhou,Wuchuan,,0,0,438.5670527,541.8584467,548.6073192,553.2981722,557.1981608,560.57646,563.4883182,566.2408847,569.0845395,572.0828403,574.7549306
20,SPIC - Wuchuan,Guizhou,Guizhou,H-B,SPIC,SPIC,Domestic,1,Zheng'an,Guizhou,Zheng'an,,0,0,49.03874844,60.58836362,61.34299455,61.86750626,62.30358681,62.68133421,63.00692612,63.31470669,63.63267237,63.96792992,64.26671198
22,Huajin,Guizhou,Guizhou,H-B,"Chalco, Jinjiang",Chalco,Domestic,1,Guiyang,Guizhou,Guiyang,,195.9892922,198.3704981,200.5525753,202.8850646,205.4178602,208.0195036,210.8446833,213.9831933,217.5002815,222.0947322,0,0,0
22,Huajin,Guizhou,Guizhou,H-B,"Chalco, Jinjiang",Chalco,Domestic,1,Jinsha,Guizhou,Jinsha,,19.11415182,19.34638252,19.55919291,19.78667244,20.03368717,20.28741636,20.56294628,20.86903422,21.21204355,21.6601243,0,0,0
22,Huajin,Guizhou,Guizhou,H-B,"Chalco, Jinjiang",Chalco,Domestic,0,Longli,Guizhou,Longli,,2.290473812,2.318302321,2.343803668,2.371062838,2.400662935,2.431067637,2.464084747,2.500763665,2.541866922,2.595561024,0,0,0
22,Huajin,Guizhou,Guizhou,H-B,"Chalco, Jinjiang",Chalco,Domestic,1,Qingzhen,Guizhou,Qingzhen,,3027.323648,3064.104642,3097.80982,3133.838318,3172.960824,3213.146777,3256.785555,3305.264151,3359.590406,3430.558003,0,0,0
22,Huajin,Guizhou,Guizhou,H-B,"Chalco, Jinjiang",Chalco,Domestic,0.5,Xiuwen,Guizhou,Xiuwen,,628.9040306,636.5450093,643.5470102,651.0316633,659.1590737,667.5074072,676.5730397,686.6441085,697.9299848,712.6729767,0,0,0
22,Huajin,Guizhou,Guizhou,H-B,"Chalco, Jinjiang",Chalco,Domestic,0,Zhijin,Guizhou,Zhijin,,80.60747739,81.58683192,82.48428781,83.4436059,84.48530704,85.55532421,86.71727854,88.008101,89.45462698,91.34425613,0,0,0
23.1,Chalco Zhengzhou domestic,Henan,Henan,H-B,Chalco,Chalco,Domestic,0.5,Baofeng,Henan,Baofeng,,105.8069862,79.85234578,87.02249069,94.34395704,94.99199707,81.9630306,68.80661929,69.56021997,70.38064078,71.02619907,57.24092372,57.59442339,57.97672156
23.1,Chalco Zhengzhou domestic,Henan,Henan,H-B,Chalco,Chalco,Domestic,0.3,Dengfeng,Henan,Dengfeng,,366.2942281,276.4416076,301.2640016,326.6102567,328.8537127,283.7486078,238.2023003,240.8111978,243.6514205,245.886285,198.162907,199.386691,200.7101727
23.1,Chalco Zhengzhou domestic,Henan,Henan,H-B,Chalco,Chalco,Domestic,0.85,Gongyi,Henan,Gongyi,,629.2585114,474.9002883,517.5427911,561.0852374,564.9392807,487.4530169,409.2088093,413.690646,418.5698775,422.4091613,340.4249544,342.5272983,344.8009136
23.1,Chalco Zhengzhou domestic,Henan,Henan,H-B,Chalco,Chalco,Domestic,0.8,Jiaxian,Henan,Jiaxian,,10.94679594,8.261527579,9.00335112,9.760830385,9.827876638,8.479899133,7.118736179,7.196703742,7.281584519,7.348374011,5.922148752,5.958721845,5.998274433
23.1,Chalco Zhengzhou domestic,Henan,Henan,H-B,Chalco,Chalco,Domestic,0.8,Lushan,Henan,Lushan,,79.02632571,59.64102857,64.99634798,70.46468807,70.94870358,61.21748086,51.39107069,51.95392854,52.56669377,53.04885569,42.75275239,43.01677824,43.30231345
23.1,Chalco Zhengzhou domestic,Henan,Henan,H-B,Chalco,Chalco,Domestic,0.8,Mianchi,Henan,Mianchi,,36.68221535,27.6840032,30.16982014,32.70809871,32.93276765,28.41575634,23.85456119,24.11582694,24.40025857,24.62406712,19.84485114,19.96740591,20.09994483
23.1,Chalco Zhengzhou domestic,Henan,Henan,H-B,Chalco,Chalco,Domestic,1,Pingdingshan,Henan,Pingdingshan,,21.95532595,16.56964576,18.05747633,19.57670663,19.71117724,17.00762036,14.27761822,14.43399304,14.60423328,14.73818892,11.87769526,11.95104769,12.03037593
23.1,Chalco Zhengzhou domestic,Henan,Henan,H-B,Chalco,Chalco,Domestic,0.5,Ruzhou,Henan,Ruzhou,,19.63648413,14.81961992,16.15031123,17.50908595,17.62935426,15.21133724,12.76966802,12.9095271,13.06178718,13.18159491,10.6232162,10.68882142,10.75977129
23.1,Chalco Zhengzhou domestic,Henan,Henan,H-B,Chalco,Chalco,Domestic,0.8,Sanmenxia,Henan,Sanmenxia,,22.48519378,16.96953607,18.49327381,20.04916908,20.18688499,17.41808072,14.62219296,14.78234171,14.95669051,15.09387903,12.16435047,12.23947319,12.32071592
23.1,Chalco Zhengzhou domestic,Henan,Henan,H-B,Chalco,Chalco,Domestic,0.8,Shaan,Henan,Shaan,,69.88886348,52.74500195,57.48110961,62.31716988,62.74522083,54.13917608,45.44894997,45.94672707,46.48864098,46.91505266,37.80944195,38.04293967,38.29545972
23.1,Chalco Zhengzhou domestic,Henan,Henan,H-B,Chalco,Chalco,Domestic,0.85,Xin'an,Henan,Xin'an,,200.533586,151.3423435,164.9317569,178.8079663,180.0361819,155.3426767,130.4076281,131.8359104,133.3908354,134.6143474,108.4874271,109.157407,109.8819681
23.1,Chalco Zhengzhou domestic,Henan,Henan,H-B,Chalco,Chalco,Domestic,1,Xingyang,Henan,Xingyang,,200.0090159,150.9464514,164.5003165,178.3402276,179.5652304,154.9363202,130.0664985,131.4910446,133.0419021,134.2622136,108.2036379,108.8718652,109.5945309
23.1,Chalco Zhengzhou domestic,Henan,Henan,H-B,Chalco,Chalco,Domestic,0.8,Xinmi,Henan,Xinmi,,464.6758554,350.6900482,382.1793982,414.3333112,417.1793289,359.9596088,302.1801852,305.4897969,309.0928646,311.9279832,251.3867576,252.9392332,254.6181841
23.1,Chalco Zhengzhou domestic,Henan,Henan,H-B,Chalco,Chalco,Domestic,0.8,Yanshi,Henan,Yanshi,,1069.710646,807.308737,879.7990386,953.8192028,960.3708998,828.6478007,695.6362318,703.2551489,711.5496189,718.0762255,578.7068291,582.2807175,586.1457594
23.1,Chalco Zhengzhou domestic,Henan,Henan,H-B,Chalco,Chalco,Domestic,0.8,Yuzhou,Henan,Yuzhou,,123.9255457,93.52639065,101.9243628,110.4995689,111.2585803,95.99851255,80.58917609,81.47182457,82.43273556,83.18884029,67.04295209,67.45698562,67.90474915
24.1,Chalco Zhongzhou Dom. Sinter,Henan,Henan,Sinter,Chalco,Chalco,Domestic,0.5,Baofeng,Henan,Baofeng,,17.85968508,7.985883842,8.017664535,8.050669303,12.13656392,12.21256102,12.3142724,12.47884158,12.65868626,12.80027659,12.92679693,13.0494991,13.18475128
24.1,Chalco Zhongzhou Dom. Sinter,Henan,Henan,Sinter,Chalco,Chalco,Domestic,0.3,Dengfeng,Henan,Dengfeng,,66.24494613,29.62115192,29.73903251,29.86145343,45.01680848,45.29869609,45.67596281,46.28638099,46.95345889,47.47864419,47.94793202,48.40305755,48.90473346
24.1,Chalco Zhongzhou Dom. Sinter,Henan,Henan,Sinter,Chalco,Chalco,Domestic,0.85,Gongyi,Henan,Gongyi,,448.0332367,200.3361969,201.1334565,201.9614237,304.4613603,306.3678456,308.9194067,313.0478369,317.5594727,321.1114489,324.2853747,327.3635169,330.7564924
24.1,Chalco Zhongzhou Dom. Sinter,Henan,Henan,Sinter,Chalco,Chalco,Domestic,0.8,Jiaxian,Henan,Jiaxian,,7.589030251,3.393403287,3.406907705,3.420932262,5.157131847,5.18942493,5.232644658,5.30257425,5.378994787,5.439160088,5.492921767,5.545061011,5.602533074
24.1,Chalco Zhongzhou Dom. Sinter,Henan,Henan,Sinter,Chalco,Chalco,Domestic,1,Jiyuan,Henan,Jiyuan,,17.5314953,7.839135148,7.870331838,7.90273011,11.91354228,11.98814285,12.08798518,12.24953024,12.42607009,12.56505856,12.68925396,12.80970135,12.94246814
24.1,Chalco Zhongzhou Dom. Sinter,Henan,Henan,Sinter,Chalco,Chalco,Domestic,0.8,Lushan,Henan,Lushan,,12.70404266,5.680559797,5.703166202,5.726643323,8.633042805,8.687101453,8.759451312,8.876513505,9.004441544,9.105158305,9.195155399,9.282436534,9.378644813
24.1,Chalco Zhongzhou Dom. Sinter,Henan,Henan,Sinter,Chalco,Chalco,Domestic,0.8,Mianchi,Henan,Mianchi,,123.835455,55.37250826,55.59286917,55.82171758,84.15248692,84.6794355,85.3846817,86.52577121,87.77277796,88.75453678,89.63180329,90.48259538,91.42040678
24.1,Chalco Zhongzhou Dom. Sinter,Henan,Henan,Sinter,Chalco,Chalco,Domestic,1,Qinyang,Henan,Qinyang,,24.56741704,10.98521827,11.02893514,11.07433582,16.69480877,16.79934883,16.93926092,17.16563891,17.41302957,17.60779834,17.78183712,17.95062371,18.13667385
24.1,Chalco Zhongzhou Dom. Sinter,Henan,Henan,Sinter,Chalco,Chalco,Domestic,0.5,Ruzhou,Henan,Ruzhou,,3.551292195,1.587945523,1.594264924,1.600827726,2.413283578,2.428395149,2.448619852,2.481343456,2.517104501,2.545258897,2.570416714,2.594815311,2.621709404
24.1,Chalco Zhongzhou Dom. Sinter,Henan,Henan,Sinter,Chalco,Chalco,Domestic,0.8,Sanmenxia,Henan,Sanmenxia,,15.58819738,6.970197574,6.997936233,7.026743283,10.59297255,10.65930395,10.74807915,10.89171756,11.04868866,11.1722708,11.28269962,11.38979589,11.507846
24.1,Chalco Zhongzhou Dom. Sinter,Henan,Henan,Sinter,Chalco,Chalco,Domestic,0.8,Shaan,Henan,Shaan,,48.45150143,21.66488719,21.75110496,21.84064352,32.92525827,33.13143065,33.40736323,33.85382261,34.34172286,34.72584297,35.06907972,35.40195817,35.76888354
24.1,Chalco Zhongzhou Dom. Sinter,Henan,Henan,Sinter,Chalco,Chalco,Domestic,0.85,Xin'an,Henan,Xin'an,,156.2264164,69.85599179,70.1339913,70.42269833,106.1637918,106.8285714,107.718285,109.157843,110.7310225,111.9695746,113.0763029,114.149632,115.3327416
24.1,Chalco Zhongzhou Dom. Sinter,Henan,Henan,Sinter,Chalco,Chalco,Domestic,1,Xingyang,Henan,Xingyang,,36.17197724,16.17414906,16.23851584,16.3053618,24.58069735,24.7346175,24.94061787,25.27392681,25.63817386,25.92494277,26.18118977,26.42970367,26.70363566
24.1,Chalco Zhongzhou Dom. Sinter,Henan,Henan,Sinter,Chalco,Chalco,Domestic,0.8,Xinmi,Henan,Xinmi,,24.92635754,11.14571702,11.19007261,11.23613661,16.93872709,17.04479452,17.18675078,17.41643626,17.6674414,17.86505582,18.04163739,18.21289002,18.40165843
24.1,Chalco Zhongzhou Dom. Sinter,Henan,Henan,Sinter,Chalco,Chalco,Domestic,0.8,Yanshi,Henan,Yanshi,,60.18725212,26.91247926,27.01958039,27.13080667,40.90029746,41.15640817,41.49917617,42.05377535,42.65985306,43.13701339,43.56338773,43.97689481,44.43269555
25.1,Kaiman,Henan,Henan,"H-B, ODT, Sweetening",Jinjiang,Jinjiang,Domestic,1,Hubin,Henan,Hubin,,89.6934848,91.12869366,68.96608441,65.38329388,66.88695242,68.88702627,0,0,0,0,0,0,0
25.1,Kaiman,Henan,Henan,"H-B, ODT, Sweetening",Jinjiang,Jinjiang,Domestic,1,Mianchi,Henan,Mianchi,,699.3086783,710.498499,537.704399,509.7706364,521.4941353,537.0880103,0,0,0,0,0,0,0
25.1,Kaiman,Henan,Henan,"H-B, ODT, Sweetening",Jinjiang,Jinjiang,Domestic,0,Ruzhou,Henan,Ruzhou,,26.73923985,27.16710141,20.56002927,19.49193502,19.94020266,20.53646062,0,0,0,0,0,0,0
25.1,Kaiman,Henan,Henan,"H-B, ODT, Sweetening",Jinjiang,Jinjiang,Domestic,1,Sanmenxia,Henan,Sanmenxia,,306.1836252,311.0829493,235.4271973,223.196746,228.3297345,235.1573192,0,0,0,0,0,0,0
25.1,Kaiman,Henan,Henan,"H-B, ODT, Sweetening",Jinjiang,Jinjiang,Domestic,1,Shaan,Henan,Shaan,,3426.06663,3480.888016,2634.331813,2497.478182,2554.914175,2631.31199,0,0,0,0,0,0,0
25.1,Kaiman,Henan,Henan,"H-B, ODT, Sweetening",Jinjiang,Jinjiang,Domestic,0,Xin'an,Henan,Xin'an,,117.6297356,119.5119597,90.44650559,85.74780642,87.71979978,90.34282372,0,0,0,0,0,0,0
26.1,East Hope Mianchi,Henan,Henan,"H-B, ODT",East Hope,East Hope,Domestic,0.7,Mianchi,Henan,Mianchi,,4852.969763,3449.476028,3851.051529,3953.485728,4080.578935,0,0,0,0,0,0,0,0
26.1,East Hope Mianchi,Henan,Henan,"H-B, ODT",East Hope,East Hope,Domestic,0,Ruzhou,Henan,Ruzhou,,30.92690598,21.98274995,24.54190205,25.19469261,26.00462959,0,0,0,0,0,0,0,0
26.1,East Hope Mianchi,Henan,Henan,"H-B, ODT",East Hope,East Hope,Domestic,1,Sanmenxia,Henan,Sanmenxia,,254.9775093,181.2372318,202.3362137,207.7181588,214.3957008,0,0,0,0,0,0,0,0
26.1,East Hope Mianchi,Henan,Henan,"H-B, ODT",East Hope,East Hope,Domestic,0,Xin'an,Henan,Xin'an,,1088.415017,773.6420567,863.7066618,886.6804131,915.1846409,0,0,0,0,0,0,0,0
26.1,East Hope Mianchi,Henan,Henan,"H-B, ODT",East Hope,East Hope,Domestic,0,Xinmi,Henan,Xinmi,,231.5461749,164.5823112,183.7423876,188.6297551,194.6936598,0,0,0,0,0,0,0,0
28,Jingxin,Henan,Henan,H-B,Private,Other,Domestic,0,Dengfeng,Henan,Dengfeng,,102.4063286,115.5481569,0,0,0,0,0,0,0,0,0,0,0
28,Jingxin,Henan,Henan,H-B,Private,Other,Domestic,0.75,Gongyi,Henan,Gongyi,,133.131899,150.216747,0,0,0,0,0,0,0,0,0,0,0
30.1,Wanji,Henan,Henan,H-B,Wanji Holdings,Other,Domestic,1,Xin'an,Henan,Xin'an,,2605.884798,1838.21624,527.3984383,528.4177455,529.3975757,0,0,0,0,0,0,0,0
30.1,Wanji,Henan,Henan,H-B,Wanji Holdings,Other,Domestic,0.5,Yichuan,Henan,Yichuan,,15.08857043,10.64362294,3.053737635,3.059639618,3.065313022,0,0,0,0,0,0,0,0
33,Yima Yixiang,Henan,Henan,"H-B, CGA","Jinjiang, Yima Coal Group",Jinjiang,Domestic,0.85,Mianchi,Henan,Mianchi,,615.9883632,1050.355744,648.3938993,667.0112952,0,0,0,0,0,0,0,0,0
33,Yima Yixiang,Henan,Henan,"H-B, CGA","Jinjiang, Yima Coal Group",Jinjiang,Domestic,0,Ruzhou,Henan,Ruzhou,,19.62778992,33.46842751,20.66035659,21.25357938,0,0,0,0,0,0,0,0,0
33,Yima Yixiang,Henan,Henan,"H-B, CGA","Jinjiang, Yima Coal Group",Jinjiang,Domestic,0,Xinmi,Henan,Xinmi,,102.8656981,175.4019773,108.2771933,111.3861667,0,0,0,0,0,0,0,0,0
34,Zhongmei,Henan,Henan,"H-B, Sweetening","Yongmei Group, Wuzhou Aluminium, Dengfeng Electric Power Corporation",Other,Domestic,0,Baofeng,Henan,Baofeng,,36.98154255,44.68873844,29.98782537,30.14855127,0,0,0,0,0,0,0,0,0
34,Zhongmei,Henan,Henan,"H-B, Sweetening","Yongmei Group, Wuzhou Aluminium, Dengfeng Electric Power Corporation",Other,Domestic,0.7,Dengfeng,Henan,Dengfeng,,460.5044158,556.4765548,373.4167114,375.4181149,0,0,0,0,0,0,0,0,0
34,Zhongmei,Henan,Henan,"H-B, Sweetening","Yongmei Group, Wuzhou Aluminium, Dengfeng Electric Power Corporation",Other,Domestic,0,Ruzhou,Henan,Ruzhou,,7.353559864,8.886089945,5.962900784,5.994860175,0,0,0,0,0,0,0,0,0
34,Zhongmei,Henan,Henan,"H-B, Sweetening","Yongmei Group, Wuzhou Aluminium, Dengfeng Electric Power Corporation",Other,Domestic,0,Xinmi,Henan,Xinmi,,27.52762691,33.26456481,22.32177491,22.44141305,0,0,0,0,0,0,0,0,0
34,Zhongmei,Henan,Henan,"H-B, Sweetening","Yongmei Group, Wuzhou Aluminium, Dengfeng Electric Power Corporation",Other,Domestic,0,Yuzhou,Henan,Yuzhou,,64.97148258,78.51196546,52.68448365,52.96685695,0,0,0,0,0,0,0,0,0
54,Aokaida,Shanxi,Shanxi,H-B,Aokaida,Other,Domestic,0,Lin,Shanxi,Lin,,159.6212982,306.4837719,167.7998743,171.7526946,0,0,0,0,0,0,0,0,0
54,Aokaida,Shanxi,Shanxi,H-B,Aokaida,Other,Domestic,1,Xing,Shanxi,Xing,,234.4317119,450.1248651,246.4433772,252.2487831,0,0,0,0,0,0,0,0,0
55,Chalco Lvliang (Xing),Shanxi,Shanxi,H-B,Chalco,Chalco,Domestic,1,Xing,Shanxi,Xing,,3995.523337,2306.191941,2165.109597,0,0,0,0,0,0,0,0,0,0
55,Chalco Lvliang (Xing),Shanxi,Shanxi,H-B,Chalco,Chalco,Domestic,0.8,Yuanping,Shanxi,Yuanping,,859.05558,495.8416928,465.508351,0,0,0,0,0,0,0,0,0,0
56.1,Chalco Shanxi,Shanxi,Shanxi,"H-B (Lime), sinter",Chalco,Chalco,Domestic,1,Gu,Shanxi,Gu,,193.6245266,128.5077466,80.42391279,81.91839023,0,0,0,0,0,0,0,0,0
56.1,Chalco Shanxi,Shanxi,Shanxi,"H-B (Lime), sinter",Chalco,Chalco,Domestic,0.8,Jiaokou,Shanxi,Jiaokou,,812.5405239,539.2795715,337.4969555,343.768493,0,0,0,0,0,0,0,0,0
56.1,Chalco Shanxi,Shanxi,Shanxi,"H-B (Lime), sinter",Chalco,Chalco,Domestic,0.5,Loufan,Shanxi,Loufan,,549.8348203,364.9229517,228.3794745,232.6233363,0,0,0,0,0,0,0,0,0
56.1,Chalco Shanxi,Shanxi,Shanxi,"H-B (Lime), sinter",Chalco,Chalco,Domestic,0,Ningwu,Shanxi,Ningwu,,181.1458836,120.2257261,75.24078172,76.63894362,0,0,0,0,0,0,0,0,0
56.1,Chalco Shanxi,Shanxi,Shanxi,"H-B (Lime), sinter",Chalco,Chalco,Domestic,1,Pinglu,Shanxi,Pinglu,,680.1196882,451.3924454,282.4946171,287.7440735,0,0,0,0,0,0,0,0,0
56.1,Chalco Shanxi,Shanxi,Shanxi,"H-B (Lime), sinter",Chalco,Chalco,Domestic,1,Qinyuan,Shanxi,Qinyuan,,393.530678,261.18458,163.4569622,166.4944014,0,0,0,0,0,0,0,0,0
56.1,Chalco Shanxi,Shanxi,Shanxi,"H-B (Lime), sinter",Chalco,Chalco,Domestic,1,Xia,Shanxi,Xia,,27.04229507,17.94785228,11.23229179,11.44101586,0,0,0,0,0,0,0,0,0
56.1,Chalco Shanxi,Shanxi,Shanxi,"H-B (Lime), sinter",Chalco,Chalco,Domestic,1,Xiaoyi,Shanxi,Xiaoyi,,920.7623261,611.1059057,382.4479797,389.5548197,0,0,0,0,0,0,0,0,0
56.1,Chalco Shanxi,Shanxi,Shanxi,"H-B (Lime), sinter",Chalco,Chalco,Domestic,1,Xing,Shanxi,Xing,,1286.886786,854.1010993,534.5214911,544.4542372,0,0,0,0,0,0,0,0,0
57.1,SPIC Shanxi,Shanxi,Shanxi,H-B & Sinter,SPIC,SPIC,Domestic,0.9,Huairen,Shanxi,Huairen,,35.57091773,23.45601961,11.93306697,12.1136427,10.96878047,11.21633489,11.52474892,0,0,0,0,0,0
57.1,SPIC Shanxi,Shanxi,Shanxi,H-B & Sinter,SPIC,SPIC,Domestic,0,Loufan,Shanxi,Loufan,,1052.924215,694.314699,353.227186,358.5723547,324.6836266,332.0114118,341.1406842,0,0,0,0,0,0
57.1,SPIC Shanxi,Shanxi,Shanxi,H-B & Sinter,SPIC,SPIC,Domestic,1,Ningwu,Shanxi,Ningwu,,578.1520808,381.2425265,193.9541608,196.8891493,178.2811257,182.3047526,187.3175615,0,0,0,0,0,0
57.1,SPIC Shanxi,Shanxi,Shanxi,H-B & Sinter,SPIC,SPIC,Domestic,0,Shenchi,Shanxi,Shenchi,,218.2996621,143.9502122,73.23354732,74.34174533,67.31569562,68.83494362,70.72768865,0,0,0,0,0,0
57.1,SPIC Shanxi,Shanxi,Shanxi,H-B & Sinter,SPIC,SPIC,Domestic,0,Shuozhou,Shanxi,Shuozhou,,261.989892,172.7602333,87.89042079,89.2204122,80.78817741,82.61148586,84.8830426,0,0,0,0,0,0
57.1,SPIC Shanxi,Shanxi,Shanxi,H-B & Sinter,SPIC,SPIC,Domestic,0.8,Wutai,Shanxi,Wutai,,1064.990767,702.2715724,357.2751832,362.6816078,328.4045136,335.8162754,345.0501696,0,0,0,0,0,0
57.1,SPIC Shanxi,Shanxi,Shanxi,H-B & Sinter,SPIC,SPIC,Domestic,1,Xing,Shanxi,Xing,,3755.224443,2476.253743,1259.774772,1278.838165,1157.974974,1184.109313,1216.668605,0,0,0,0,0,0
57.1,SPIC Shanxi,Shanxi,Shanxi,H-B & Sinter,SPIC,SPIC,Domestic,1,Yuanping,Shanxi,Yuanping,,546.6704692,360.4830593,183.3929439,186.168116,168.5733389,172.3778707,177.1177215,0,0,0,0,0,0
58.1,Dongxu Tianyuan,Shanxi,Shanxi,H-B,Tianyuan Chemical,Other,Domestic,0,Lin,Shanxi,Lin,,150.4664088,153.2741442,0,0,0,0,0,0,0,0,0,0,0
58.1,Dongxu Tianyuan,Shanxi,Shanxi,H-B,Tianyuan Chemical,Other,Domestic,0.7,Qinyuan,Shanxi,Qinyuan,,308.3544868,314.1084474,0,0,0,0,0,0,0,0,0,0,0
58.1,Dongxu Tianyuan,Shanxi,Shanxi,H-B,Tianyuan Chemical,Other,Domestic,0,Xiaoyi,Shanxi,Xiaoyi,,344.3387019,350.7641357,0,0,0,0,0,0,0,0,0,0,0
59.1,East Hope Lingshi,Shanxi,Shanxi,H-B,East Hope,East Hope,Domestic,0,Jiaokou,Shanxi,Jiaokou,,1414.158993,1479.777954,1294.610003,0,0,0,0,0,0,0,0,0,0
59.1,East Hope Lingshi,Shanxi,Shanxi,H-B,East Hope,East Hope,Domestic,1,Lingshi,Shanxi,Lingshi,,2655.131555,2778.333385,2430.674265,0,0,0,0,0,0,0,0,0,0
59.1,East Hope Lingshi,Shanxi,Shanxi,H-B,East Hope,East Hope,Domestic,0.5,Wuxiang,Shanxi,Wuxiang,,285.6320701,298.885799,261.4855452,0,0,0,0,0,0,0,0,0,0
59.1,East Hope Lingshi,Shanxi,Shanxi,H-B,East Hope,East Hope,Domestic,0.5,Xiangyuan,Shanxi,Xiangyuan,,698.0618269,730.4528753,639.0496604,0,0,0,0,0,0,0,0,0,0
60,Huaqing,Shanxi,Shanxi,H-B,Private,Other,Domestic,0,Lin,Shanxi,Lin,,66.43394499,103.4607409,108.590569,115.337397,125.784146,0,0,0,0,0,0,0,0
60,Huaqing,Shanxi,Shanxi,H-B,Private,Other,Domestic,0.5,Xiaoyi,Shanxi,Xiaoyi,,439.8081898,684.934203,718.8948601,763.5604326,832.7203446,0,0,0,0,0,0,0,0
62,Senze,Shanxi,Shanxi,H-B & Sinter (1.2:0.1),Senze,Other,Domestic,1,Jiaokou,Shanxi,Jiaokou,,293.5970201,291.0649255,302.5720605,318.5290027,341.4706126,0,0,0,0,0,0,0,0
62,Senze,Shanxi,Shanxi,H-B & Sinter (1.2:0.1),Senze,Other,Domestic,1,Liulin,Shanxi,Liulin,,2207.076849,2188.042162,2274.54553,2394.499737,2566.960262,0,0,0,0,0,0,0,0
63,Taixing,Shanxi,Shanxi,H-B,Private,Other,Domestic,0,Lin,Shanxi,Lin,,142.7259859,211.8128105,195.434456,0,0,0,0,0,0,0,0,0,0
63,Taixing,Shanxi,Shanxi,H-B,Private,Other,Domestic,0.5,Xiaoyi,Shanxi,Xiaoyi,,503.9356112,747.8667421,690.0381973,0,0,0,0,0,0,0,0,0,0
65,Xinfa - Jiaokou,Shanxi,Shanxi,H-B,Xinfa,Xinfa,Domestic,0,Fenyang,Shanxi,Fenyang,,184.1128504,76.21437807,85.164535,164.6891617,0,0,0,0,0,0,0,0,0
65,Xinfa - Jiaokou,Shanxi,Shanxi,H-B,Xinfa,Xinfa,Domestic,0,Heshun,Shanxi,Heshun,,13.80035949,5.712723546,6.383591348,12.34443783,0,0,0,0,0,0,0,0,0
65,Xinfa - Jiaokou,Shanxi,Shanxi,H-B,Xinfa,Xinfa,Domestic,0,Jiaokou,Shanxi,Jiaokou,,4591.920147,1900.846885,2124.07088,4107.477986,0,0,0,0,0,0,0,0,0
65,Xinfa - Jiaokou,Shanxi,Shanxi,H-B,Xinfa,Xinfa,Domestic,0,Jiexiu,Shanxi,Jiexiu,,85.571733,35.42282028,39.58266267,76.54401606,0,0,0,0,0,0,0,0,0
65,Xinfa - Jiaokou,Shanxi,Shanxi,H-B,Xinfa,Xinfa,Domestic,0,Lin,Shanxi,Lin,,458.5010801,189.7986729,212.0874844,410.1297567,0,0,0,0,0,0,0,0,0
65,Xinfa - Jiaokou,Shanxi,Shanxi,H-B,Xinfa,Xinfa,Domestic,0,Loufan,Shanxi,Loufan,,483.3559437,200.0874602,223.5845249,432.3624615,0,0,0,0,0,0,0,0,0
65,Xinfa - Jiaokou,Shanxi,Shanxi,H-B,Xinfa,Xinfa,Domestic,0,Wutai,Shanxi,Wutai,,122.2238054,50.59511757,56.53670306,109.329338,0,0,0,0,0,0,0,0,0
65,Xinfa - Jiaokou,Shanxi,Shanxi,H-B,Xinfa,Xinfa,Domestic,0,Xiaoyi,Shanxi,Xiaoyi,,674.5297657,279.2247607,312.0152326,603.3676707,0,0,0,0,0,0,0,0,0
65,Xinfa - Jiaokou,Shanxi,Shanxi,H-B,Xinfa,Xinfa,Domestic,0,Zhongyang,Shanxi,Zhongyang,,155.6878741,64.4477258,72.01607805,139.2629869,0,0,0,0,0,0,0,0,0
66,Xinfa - Xiaoyi,Shanxi,Shanxi,H-B,Xinfa,Xinfa,Domestic,0,Fenyang,Shanxi,Fenyang,,256.3566432,407.6971677,0,0,0,0,0,0,0,0,0,0,0
66,Xinfa - Xiaoyi,Shanxi,Shanxi,H-B,Xinfa,Xinfa,Domestic,0,Heshun,Shanxi,Heshun,,19.21546392,30.55934154,0,0,0,0,0,0,0,0,0,0,0
66,Xinfa - Xiaoyi,Shanxi,Shanxi,H-B,Xinfa,Xinfa,Domestic,0,Jiexiu,Shanxi,Jiexiu,,119.1491098,189.4889635,0,0,0,0,0,0,0,0,0,0,0
66,Xinfa - Xiaoyi,Shanxi,Shanxi,H-B,Xinfa,Xinfa,Domestic,0,Lin,Shanxi,Lin,,659.69209,1049.142294,0,0,0,0,0,0,0,0,0,0,0
66,Xinfa - Xiaoyi,Shanxi,Shanxi,H-B,Xinfa,Xinfa,Domestic,1,Lingshi,Shanxi,Lingshi,,666.9144097,1060.628321,0,0,0,0,0,0,0,0,0,0,0
66,Xinfa - Xiaoyi,Shanxi,Shanxi,H-B,Xinfa,Xinfa,Domestic,0,Loufan,Shanxi,Loufan,,673.0193299,1070.33729,0,0,0,0,0,0,0,0,0,0,0
66,Xinfa - Xiaoyi,Shanxi,Shanxi,H-B,Xinfa,Xinfa,Domestic,0,Yu,Shanxi,Yu,,74.15839364,117.9379113,0,0,0,0,0,0,0,0,0,0,0
66,Xinfa - Xiaoyi,Shanxi,Shanxi,H-B,Xinfa,Xinfa,Domestic,0,Xiaoyi,Shanxi,Xiaoyi,,2817.62277,4481.010551,0,0,0,0,0,0,0,0,0,0,0
66,Xinfa - Xiaoyi,Shanxi,Shanxi,H-B,Xinfa,Xinfa,Domestic,0,Xiyang,Shanxi,Xiyang,,94.74042148,150.6705698,0,0,0,0,0,0,0,0,0,0,0
66,Xinfa - Xiaoyi,Shanxi,Shanxi,H-B,Xinfa,Xinfa,Domestic,0,Yangquan,Shanxi,Yangquan,,378.0351026,601.2086861,0,0,0,0,0,0,0,0,0,0,0
66,Xinfa - Xiaoyi,Shanxi,Shanxi,H-B,Xinfa,Xinfa,Domestic,0,Zhongyang,Shanxi,Zhongyang,,216.7780289,344.7532597,0,0,0,0,0,0,0,0,0,0,0
67.1,Xingan Chemical,Shanxi,Shanxi,H-B,Jinjiang,Jinjiang,Domestic,0,Fenyang,Shanxi,Fenyang,,420.4269391,0,0,0,0,0,0,0,0,0,0,0,0
67.1,Xingan Chemical,Shanxi,Shanxi,H-B,Jinjiang,Jinjiang,Domestic,0,Heshun,Shanxi,Heshun,,15.75675703,0,0,0,0,0,0,0,0,0,0,0,0
67.1,Xingan Chemical,Shanxi,Shanxi,H-B,Jinjiang,Jinjiang,Domestic,0,Jiexiu,Shanxi,Jiexiu,,195.4054902,0,0,0,0,0,0,0,0,0,0,0,0
67.1,Xingan Chemical,Shanxi,Shanxi,H-B,Jinjiang,Jinjiang,Domestic,0,Lin,Shanxi,Lin,,872.5002323,0,0,0,0,0,0,0,0,0,0,0,0
67.1,Xingan Chemical,Shanxi,Shanxi,H-B,Jinjiang,Jinjiang,Domestic,0,Loufan,Shanxi,Loufan,,1379.696335,0,0,0,0,0,0,0,0,0,0,0,0
67.1,Xingan Chemical,Shanxi,Shanxi,H-B,Jinjiang,Jinjiang,Domestic,0,Yu,Shanxi,Yu,,60.81017845,0,0,0,0,0,0,0,0,0,0,0,0
67.1,Xingan Chemical,Shanxi,Shanxi,H-B,Jinjiang,Jinjiang,Domestic,0,Ningwu,Shanxi,Ningwu,,272.7287931,0,0,0,0,0,0,0,0,0,0,0,0
67.1,Xingan Chemical,Shanxi,Shanxi,H-B,Jinjiang,Jinjiang,Domestic,0,Pinglu,Shanxi,Pinglu,,803.1149004,0,0,0,0,0,0,0,0,0,0,0,0
67.1,Xingan Chemical,Shanxi,Shanxi,H-B,Jinjiang,Jinjiang,Domestic,0,Wutai,Shanxi,Wutai,,558.2030833,0,0,0,0,0,0,0,0,0,0,0,0
67.1,Xingan Chemical,Shanxi,Shanxi,H-B,Jinjiang,Jinjiang,Domestic,0,Xiaoyi,Shanxi,Xiaoyi,,2310.461905,0,0,0,0,0,0,0,0,0,0,0,0
67.1,Xingan Chemical,Shanxi,Shanxi,H-B,Jinjiang,Jinjiang,Domestic,0,Xiyang,Shanxi,Xiyang,,77.68752334,0,0,0,0,0,0,0,0,0,0,0,0
67.1,Xingan Chemical,Shanxi,Shanxi,H-B,Jinjiang,Jinjiang,Domestic,0,Yangquan,Shanxi,Yangquan,,309.9902913,0,0,0,0,0,0,0,0,0,0,0,0
67.1,Xingan Chemical,Shanxi,Shanxi,H-B,Jinjiang,Jinjiang,Domestic,0,Zhongyang,Shanxi,Zhongyang,,355.5176959,0,0,0,0,0,0,0,0,0,0,0,0
68,Yangquan Zhaofeng,Shanxi,Shanxi,H-B (Lime),"Xinfa, Yangquan Coal",Xinfa,Domestic,0.5,Heshun,Shanxi,Heshun,,63.35828076,32.7346064,42.13467974,56.69255298,0,0,0,0,0,0,0,0,0
68,Yangquan Zhaofeng,Shanxi,Shanxi,H-B (Lime),"Xinfa, Yangquan Coal",Xinfa,Domestic,1,Yu,Shanxi,Yu,,203.7659332,105.2774403,135.5089222,182.3283527,0,0,0,0,0,0,0,0,0
68,Yangquan Zhaofeng,Shanxi,Shanxi,H-B (Lime),"Xinfa, Yangquan Coal",Xinfa,Domestic,0,Pinglu,Shanxi,Pinglu,,1237.914971,639.5795283,823.2412593,1107.677784,0,0,0,0,0,0,0,0,0
68,Yangquan Zhaofeng,Shanxi,Shanxi,H-B (Lime),"Xinfa, Yangquan Coal",Xinfa,Domestic,0,Wutai,Shanxi,Wutai,,187.0456148,96.63874251,124.3895349,167.3671271,0,0,0,0,0,0,0,0,0
68,Yangquan Zhaofeng,Shanxi,Shanxi,H-B (Lime),"Xinfa, Yangquan Coal",Xinfa,Domestic,0.5,Wuxiang,Shanxi,Wuxiang,,105.1383159,54.32062468,69.91934152,94.07704051,0,0,0,0,0,0,0,0,0
68,Yangquan Zhaofeng,Shanxi,Shanxi,H-B (Lime),"Xinfa, Yangquan Coal",Xinfa,Domestic,0,Xia,Shanxi,Xia,,36.38062038,18.7963637,24.19392967,32.55312839,0,0,0,0,0,0,0,0,0
68,Yangquan Zhaofeng,Shanxi,Shanxi,H-B (Lime),"Xinfa, Yangquan Coal",Xinfa,Domestic,1,Xiyang,Shanxi,Xiyang,,104.12777,53.79851735,69.24730579,93.17281099,0,0,0,0,0,0,0,0,0
68,Yangquan Zhaofeng,Shanxi,Shanxi,H-B (Lime),"Xinfa, Yangquan Coal",Xinfa,Domestic,0,Yuanping,Shanxi,Yuanping,,115.2148738,59.52676586,76.6204788,103.093475,0,0,0,0,0,0,0,0,0
68,Yangquan Zhaofeng,Shanxi,Shanxi,H-B (Lime),"Xinfa, Yangquan Coal",Xinfa,Domestic,1,Yangquan,Shanxi,Yangquan,,415.4926863,214.6679074,276.3119684,371.7799922,0,0,0,0,0,0,0,0,0
70.1,Xinghua (Chalco Jiaokou),Shanxi,Shanxi,H-B,Chalco,Chalco,Domestic,0.9,Jiaokou,Shanxi,Jiaokou,,1436.224908,1073.235604,505.6773024,513.4641168,522.8219945,354.480326,359.4174796,363.4102039,366.4178655,369.4929076,372.6490634,375.8969236,0
70.1,Xinghua (Chalco Jiaokou),Shanxi,Shanxi,H-B,Chalco,Chalco,Domestic,1,Xiaoyi,Shanxi,Xiaoyi,,664.5685729,496.6065202,233.9865027,237.5896097,241.9196777,164.0247869,166.3093017,168.1568111,169.5485134,170.9713938,172.4318071,173.9346538,0
71,Tiantong,Shanxi,Shanxi,H-B,Private,Other,Domestic,0.9,Jiaokou,Shanxi,Jiaokou,,121.004201,0,0,0,0,0,0,0,0,0,0,0,0
72,Fusheng,Shanxi,Shanxi,H-B,Jinjiang,Jinjiang,Domestic,0.2,Pinglu,Shanxi,Pinglu,,2121.75363,2252.496773,2440.867983,0,0,0,0,0,0,0,0,0,0
72,Fusheng,Shanxi,Shanxi,H-B,Jinjiang,Jinjiang,Domestic,0.2,Xia,Shanxi,Xia,,100.3922332,106.5784351,115.4913485,0,0,0,0,0,0,0,0,0,0
73,YMG - Wenshan,Yunnan,Other,H-B,Yunnan Aluminium Companuy,Chalco,Domestic,1,Malipo,Other,Malipo,,46.12964887,52.11709761,53.46679962,55.07660736,56.99059483,59.23681878,0,0,0,0,0,0,0
73,YMG - Wenshan,Yunnan,Other,H-B,Yunnan Aluminium Companuy,Chalco,Domestic,1,Wenshan,Other,Wenshan,,2130.641877,2407.190893,2469.531095,2543.885092,2632.28858,2736.037448,0,0,0,0,0,0,0
73,YMG - Wenshan,Yunnan,Other,H-B,Yunnan Aluminium Companuy,Chalco,Domestic,1,Xichou,Other,Xichou,,1651.761468,1866.153672,1914.482368,1972.124654,2040.658684,2121.089085,0,0,0,0,0,0,0
3,Shuijiang,Chongqing,Other,H-B,Bosai,Other,Domestic,0,Other,General 3rd Party Domestic Supply,-,,0,612.7211307,1541.614285,1394.697728,1052.678612,802.0273533,356.4571814,143.1833592,71.91651571,0,0,0,0
11,Tiangui,Guangxi,Guangxi,H-B,Zengshi,Other,Domestic,0,Guangxi,General 3rd Party Domestic Supply,-,,0,0,0,0,0,0,0,0,0,0,4379.139669,4460.916808,4517.234327
15,Chalco Zunyi,Guizhou,Guizhou,H-B,Chalco,Chalco,Domestic,0,Guizhou,General 3rd Party Domestic Supply,-,,0,0,2417.799105,2462.787678,2493.069329,2527.803564,2562.682856,1872.495956,1472.854675,789.2955959,234.359597,117.9784083,0
16,Xian,Guizhou,Guizhou,H-B,Zengshi Group,Other,Domestic,0,Guizhou,General 3rd Party Domestic Supply,-,,205.3089138,0,0,0,498.6138658,1263.901782,1281.341428,1170.309972,1104.641006,789.2955959,0,0,0
18,Qingzhen Guanglv,Guizhou,Guizhou,H-B,Guangdong Guang Al Group Co.Ltd,Other,Domestic,0,Guizhou,General 3rd Party Domestic Supply,-,,0,0,0,0,0,0,0,0,0,1315.49266,468.719194,235.9568166,0
19.1,Qizheng Chemical,Guizhou,Guizhou,H-B,Qiya,Qiya,Domestic,0,Guizhou,General 3rd Party Domestic Supply,-,,0,0,0,0,0,0,0,0,1656.961509,1183.943394,421.8472746,212.3611349,0
22,Huajin,Guizhou,Guizhou,H-B,"Chalco, Jinjiang",Chalco,Domestic,0,Guizhou,General 3rd Party Domestic Supply,-,,0,0,0,0,0,0,0,0,0,0,749.9507104,377.5309066,0
24.2,Chalco Zhongzhou Dom. Bayer,Henan,Henan,H-B-ODT-Sweet,Chalco,Chalco,Domestic,0,Henan,General 3rd Party Domestic Supply,-,,3974.671896,735.8973405,0,0,0,0,0,0,0,0,0,0,0
25.1,Kaiman,Henan,Henan,"H-B, ODT, Sweetening",Jinjiang,Jinjiang,Domestic,0,Henan,General 3rd Party Domestic Supply,-,,0,0,0,0,0,0,1478.921402,460.3087369,233.0185171,0,0,0,0
26.1,East Hope Mianchi,Henan,Henan,"H-B, ODT",East Hope,East Hope,Domestic,0,Henan,General 3rd Party Domestic Supply,-,,0,0,0,0,0,3480.234316,2275.263695,920.6174739,466.0370343,0,0,0,0
27,Huiyuan Lushan,Henan,Henan,"H-B, ODT","Shenhuo, Huiyuan",Shenhuo,Domestic,0,Henan,General 3rd Party Domestic Supply,-,,1204.446029,735.8973405,492.7109186,0,0,0,0,0,0,0,0,0,0
31,Weilai,Henan,Henan,H-B,Private,Other,Domestic,0,Henan,General 3rd Party Domestic Supply,-,,240.8892058,0,0,0,0,0,0,0,0,0,0,0,0
33,Yima Yixiang,Henan,Henan,"H-B, CGA","Jinjiang, Yima Coal Group",Jinjiang,Domestic,0,Henan,General 3rd Party Domestic Supply,-,,0,0,0,0,687.2779086,522.0351474,341.2895543,138.0926211,69.90555514,0,0,0,0
46.2,Chalco Shandong sinter,Shandong,Other,Sintering,Chalco,Chalco,Domestic,0,Other,General 3rd Party Domestic Supply,-,,1714.781413,0,0,0,0,0,0,0,0,0,0,0,0
55,Chalco Lvliang (Xing),Shanxi,Shanxi,H-B,Chalco,Chalco,Domestic,0,Shanxi,General 3rd Party Domestic Supply,-,,0,0,0,1828.738348,694.866727,375.4123751,0,0,0,0,0,0,0
56.1,Chalco Shanxi,Shanxi,Shanxi,"H-B (Lime), sinter",Chalco,Chalco,Domestic,0,Shanxi,General 3rd Party Domestic Supply,-,,0,0,0,0,427.6102935,231.023,0,0,0,0,0,0,0
59.1,East Hope Lingshi,Shanxi,Shanxi,H-B,East Hope,East Hope,Domestic,0,Shanxi,General 3rd Party Domestic Supply,-,,0,0,0,2110.082709,801.7693004,433.1681251,0,0,0,0,0,0,0
60,Huaqing,Shanxi,Shanxi,H-B,Private,Other,Domestic,0,Shanxi,General 3rd Party Domestic Supply,-,,0,0,0,0,0,86.63362502,0,0,0,0,0,0,0
61,Qiangjin Aluminium,Shanxi,Shanxi,H-B,Private,Other,Domestic,0,Shanxi,General 3rd Party Domestic Supply,-,,0,0,0,0,1336.282167,2310.23,2368.125602,2126.26806,2143.865516,2161.857205,2180.323482,1649.494732,1664.201543
62,Senze,Shanxi,Shanxi,H-B & Sinter (1.2:0.1),Senze,Other,Domestic,0,Shanxi,General 3rd Party Domestic Supply,-,,0,0,0,0,0,346.5345001,0,0,0,0,0,0,0
63,Taixing,Shanxi,Shanxi,H-B,Private,Other,Domestic,0,Shanxi,General 3rd Party Domestic Supply,-,,0,0,0,422.0165418,0,0,0,0,0,0,0,0,0
65,Xinfa - Jiaokou,Shanxi,Shanxi,H-B,Xinfa,Xinfa,Domestic,0,Shanxi,General 3rd Party Domestic Supply,-,,0,0,0,0,1069.025734,577.5575001,0,0,0,0,0,0,0
66,Xinfa - Xiaoyi,Shanxi,Shanxi,H-B,Xinfa,Xinfa,Domestic,0,Shanxi,General 3rd Party Domestic Supply,-,,0,0,5489.372967,3938.821057,1496.636027,808.5805001,0,0,0,0,0,0,0
67.1,Xingan Chemical,Shanxi,Shanxi,H-B,Jinjiang,Jinjiang,Domestic,0,Shanxi,General 3rd Party Domestic Supply,-,,0,7065.415306,3920.980691,2672.771432,1015.574447,548.6796251,0,0,0,0,0,0,0
68,Yangquan Zhaofeng,Shanxi,Shanxi,H-B (Lime),"Xinfa, Yangquan Coal",Xinfa,Domestic,0,Shanxi,General 3rd Party Domestic Supply,-,,0,0,0,0,267.2564335,144.389375,0,0,0,0,0,0,0
72,Fusheng,Shanxi,Shanxi,H-B,Jinjiang,Jinjiang,Domestic,0,Shanxi,General 3rd Party Domestic Supply,-,,0,0,0,1125.377445,374.1590069,173.26725,0,0,0,0,0,0,0
73,YMG - Wenshan,Yunnan,Other,H-B,Yunnan Aluminium Companuy,Chalco,Domestic,0,Other,General 3rd Party Domestic Supply,-,,0,0,0,0,0,0,712.9143627,245.4571872,123.2854555,0,0,0,0
1.2,Bosai Xianfeng import,Chongqing,Other,L-B,Bosai,Other,Imported,0,-,General Imports,-,,554.8006062,799.4078629,1066.108213,803.5512849,809.1791662,799.4212651,802.1207731,805.3179224,0,0,0,0,0
2,Bosai Wanzhou,Chongqing,Other,L-B,Bosai,Other,Imported,0,-,General Imports,-,,0,0,0,0,0,1332.368775,3208.483092,3221.27169,6460.070579,6467.442672,7821.426911,9710.496912,9582.4976
3,Shuijiang,Chongqing,Other,H-B,Bosai,Other,Imported,0,-,General Imports,-,,0,0,279.853406,468.7382495,849.6381245,1119.189771,1403.711353,1691.167637,1789.977889,1886.337446,1348.521881,1348.680127,1330.902444
6.2,Jinjiang Chongzuo import,Guangxi,Guangxi,L-B,Jinjiang,Jinjiang,Imported,0,-,General Imports,-,,0,0,0,0,0,1065.89502,1336.867955,1342.196537,1345.848037,1347.38389,1348.521881,1348.680127,1330.902444
10,Fangcheng,Guangxi,Guangxi,L-B,Chalco,Chalco,Imported,0,-,General Imports,-,,0,0,2265.479953,5357.008566,5394.527775,5329.475101,8021.207731,8053.179224,8075.088223,8084.303339,10788.17505,10789.44101,10647.21956
13,Baise Mining,Guangxi,Guangxi,H-B,Baise Mining,Other,Imported,0,-,General Imports,-,,0,0,0,0,0,2131.79004,2138.988728,2147.51446,2153.35686,2155.814224,2157.63501,2427.624228,2661.804889
15,Chalco Zunyi,Guizhou,Guizhou,H-B,Chalco,Chalco,Imported,0,-,General Imports,-,,0,0,0,0,0,0,0,214.751446,646.0070579,808.4303339,1078.817505,1213.812114,1197.8122
16,Xian,Guizhou,Guizhou,H-B,Zengshi Group,Other,Imported,0,-,General Imports,-,,0,0,0,0,0,0,0,134.2196537,484.5052934,808.4303339,0,0,0
18,Qingzhen Guanglv,Guizhou,Guizhou,H-B,Guangdong Guang Al Group Co.Ltd,Other,Imported,0,-,General Imports,-,,0,0,0,0,0,0,0,0,0,1347.38389,2157.63501,2427.624228,2661.804889
19.1,Qizheng Chemical,Guizhou,Guizhou,H-B,Qiya,Qiya,Imported,0,-,General Imports,-,,0,0,0,0,0,0,0,0,726.7579401,1212.645501,1941.871509,2184.861805,2395.6244
19.2,Qizheng Chemical Added LT,Guizhou,Guizhou,L-B,Qiya,Qiya,Imported,0,-,General Imports,-,,0,266.4692876,399.79058,535.7008566,539.4527775,532.9475101,534.747182,536.8786149,538.3392149,538.953556,539.4087525,539.4720507,532.3609778
22,Huajin,Guizhou,Guizhou,H-B,"Chalco, Jinjiang",Chalco,Imported,0,-,General Imports,-,,0,0,0,0,0,0,0,0,0,0,3452.216016,3884.198765,4258.887822
23.2,Chalco Zhengzhou import,Henan,Henan,L-B,Chalco,Chalco,Imported,0,-,General Imports,-,,528.3815297,799.4078629,799.58116,803.5512849,809.1791662,799.4212651,802.1207731,805.3179224,807.5088223,808.4303339,809.1131287,809.208076,798.5414666
24.3,Chalco Zhongzhou LT Amt,Henan,Henan,L-B,Chalco,Chalco,Imported,0,-,General Imports,-,,528.3815297,3997.039315,5597.06812,5357.008566,4855.074997,3997.106326,3743.230274,3758.150305,3768.374504,3772.674892,3506.156891,3506.568329,3460.346355
25.1,Kaiman,Henan,Henan,"H-B, ODT, Sweetening",Jinjiang,Jinjiang,Imported,0,-,General Imports,-,,0,0,0,0,0,0,1737.928342,2147.51446,2422.526467,2694.76778,1348.521881,1348.680127,1330.902444
25.2,Kaiman Import,Henan,Henan,L-B,Jinjiang,Jinjiang,Imported,0,-,General Imports,-,,0,0,1332.635267,1339.252142,1348.631944,1332.368775,1336.867955,1342.196537,1345.848037,1347.38389,1348.521881,1348.680127,1330.902444
26.1,East Hope Mianchi,Henan,Henan,"H-B, ODT",East Hope,East Hope,Imported,0,-,General Imports,-,,0,0,0,0,0,1598.84253,2673.73591,4295.02892,4845.052934,5389.53556,4045.565644,4046.04038,3992.707333
26.2,East Hope Mianchi Added LT,Henan,Henan,L-B,East Hope,East Hope,Imported,0,-,General Imports,-,,0,133.2346438,266.5270533,0,0,0,0,0,0,0,0,0,0
30.2,Wanji import,Henan,Henan,L-B,Wanji Holdings,Other,Imported,0,-,General Imports,-,,0,959.2894355,2665.270533,2678.504283,2697.263887,2664.73755,2673.73591,2684.393075,2691.696074,2694.76778,2697.043762,2697.360253,2661.804889
33,Yima Yixiang,Henan,Henan,"H-B, CGA","Jinjiang, Yima Coal Group",Jinjiang,Imported,0,-,General Imports,-,,0,0,0,0,80.91791662,239.8263795,401.0603865,644.2543379,726.7579401,808.4303339,809.1131287,809.208076,798.5414666
40.1,Xinwang L-B,Inner Mongolia,Other,L-B,BXG,Other,Imported,0,-,General Imports,-,,1320.953824,1279.052581,1332.635267,1339.252142,1348.631944,1332.368775,1336.867955,1073.75723,1076.67843,1077.907112,1078.817505,1078.944101,1064.721956
42.2,Mengxi import,Inner Mongolia,Other,L-B,Private,Other,Imported,0,-,General Imports,-,,132.0953824,506.2916465,533.0541067,535.7008566,539.4527775,0,0,0,0,0,0,0,0
43.1,Qihui H-B,Inner Mongolia,Other,H-B,Jinguotou,Other,Imported,0,-,General Imports,-,,0,0,0,0,1348.631944,2664.73755,3475.856683,3489.710997,3499.204897,4850.582004,5394.087525,5394.720507,5323.609778
43.2,Qihui L-B,Inner Mongolia,Other,L-B,Jinguotou,Other,Imported,0,-,General Imports,-,,0,0,0,0,1348.631944,2664.73755,3208.483092,5368.786149,5383.392149,5928.489116,7282.018158,7282.872684,7186.8732
44,Jinjiang Lianyungang,Jiangsu,Other,L-B,Jinjiang,Jinjiang,Imported,0,-,General Imports,-,,0,0,0,0,1348.631944,2664.73755,3208.483092,5368.786149,5383.392149,5389.53556,5394.087525,5394.720507,5323.609778
45,Chalco Lianyungang,Jiangsu,Other,L-B,Chalco,Chalco,Imported,0,-,General Imports,-,,0,0,0,0,0,1332.368775,2673.73591,4295.02892,5114.222541,7275.873006,8091.131287,8092.08076,7985.414666
46.1,Chalco Shandong L-B,Shandong,Other,L-B,Chalco,Chalco,Imported,0,-,General Imports,-,,3962.861473,5729.089684,5330.541067,5357.008566,5394.527775,5329.475101,5347.47182,5368.786149,5383.392149,5389.53556,5394.087525,5394.720507,5323.609778
46.3,Chalco Shandong sinter import,Shandong,Other,L-B,Chalco,Chalco,Imported,0,-,General Imports,-,,0,532.9385753,533.0541067,535.7008566,539.4527775,532.9475101,534.747182,536.8786149,538.3392149,538.953556,539.4087525,539.4720507,532.3609778
47.1,Chiping Xinfa L-B,Shandong,Other,L-B,Xinfa,Xinfa,Imported,0,-,General Imports,-,,8189.913711,8793.486492,8662.129233,8705.13892,8766.107634,8660.397039,8689.641708,8724.277493,8748.012242,8757.995284,8765.392228,8766.420823,8517.775644
47.2,Chiping Xinfa H-B,Shandong,Other,H-B,Xinfa,Xinfa,Imported,0,-,General Imports,-,,4227.052238,3357.513024,3331.588167,3348.130354,3371.579859,3330.921938,3342.169888,3355.491343,3364.620093,3368.459725,3371.304703,3371.700317,3327.256111
48,Lubei,Shandong,Other,L-B,Lubei Group,Jinjiang,Imported,0,-,General Imports,-,,2377.716884,2451.517446,2398.74348,2410.653855,2427.537499,2398.263795,2406.362319,2415.953767,2422.526467,2425.291002,2427.339386,2427.624228,2395.6244
49.1,Nanshan Donghai H-B,Shandong,Other,H-B,Nanshan Group,Nanshan,Imported,0,-,General Imports,-,,2641.907649,2664.692876,2665.270533,2678.504283,2697.263887,2664.73755,2673.73591,2684.393075,2691.696074,2694.76778,2697.043762,2697.360253,2661.804889
49.2,Nanshan Donghai L-B,Shandong,Other,L-B,Nanshan Group,Nanshan,Imported,0,-,General Imports,-,,1849.335354,1865.285013,1865.689373,1874.952998,1888.084721,1865.316285,1871.615137,1879.075152,1884.187252,1886.337446,1887.930634,1888.152177,1863.263422
50,Bochuang,Shandong,Other,L-B,Chuangxin Group,Other,Imported,0,-,General Imports,-,,0,1039.230222,1332.635267,2142.803426,2157.81111,3197.685061,3208.483092,3221.27169,3230.035289,3233.721336,3775.861267,3776.304355,3726.526844
52.1,Weiqiao - Binzhou L-B,Shandong,Other,L-B,Weiqiao,Weiqiao,Imported,0,-,General Imports,-,,10567.63059,10125.83293,10661.08213,10714.01713,10789.05555,10658.9502,10694.94364,10737.5723,10766.7843,10779.07112,10788.17505,10789.44101,10647.21956
52.2,Weiqiao - Binzhou H-B,Shandong,Other,H-B,Weiqiao,Weiqiao,Imported,0,-,General Imports,-,,5283.815297,5329.385753,5330.541067,5357.008566,5394.527775,5329.475101,5347.47182,5368.786149,5383.392149,5389.53556,5394.087525,5394.720507,5323.609778
53.1,Weiqiao-Wudi-Zhanhua L-B,Shandong,Other,L-B,Weiqiao,Weiqiao,Imported,0,-,General Imports,-,,18493.35354,19185.78871,21322.16427,22767.28641,24275.37499,23982.63795,24063.62319,24159.53767,24225.26467,24252.91002,24273.39386,24276.24228,23956.244
53.2,Weiqiao-Wudi-Zhanhua H-B,Shandong,Other,H-B,Weiqiao,Weiqiao,Imported,0,-,General Imports,-,,5283.815297,7461.140054,5330.541067,5357.008566,6743.159718,6661.843876,6684.339775,6710.982687,6729.240186,6736.91945,6742.609406,6743.400633,6654.512222
55,Chalco Lvliang (Xing),Shanxi,Shanxi,H-B,Chalco,Chalco,Imported,0,-,General Imports,-,,0,0,0,1741.027784,2805.154443,3117.742934,3475.856683,3355.491343,3364.620093,3368.459725,3236.452515,3236.832304,3194.165867
56.1,Chalco Shanxi,Shanxi,Shanxi,"H-B (Lime), sinter",Chalco,Chalco,Imported,0,-,General Imports,-,,0,0,0,0,1726.248888,1918.611036,2138.988728,1342.196537,1345.848037,538.953556,0,0,0
56.2,Chalco Shanxi import,Shanxi,Shanxi,L-B,Chalco,Chalco,Imported,0,-,General Imports,-,,0,1332.346438,2665.270533,2678.504283,2697.263887,2664.73755,2673.73591,2684.393075,2691.696074,2694.76778,2697.043762,2697.360253,2661.804889
57.1,SPIC Shanxi,Shanxi,Shanxi,H-B & Sinter,SPIC,SPIC,Imported,0,-,General Imports,-,,0,0,0,0,0,0,0,2147.51446,2153.35686,2155.814224,2157.63501,2157.888203,2129.443911
57.2,SPIC Shanxi import,Shanxi,Shanxi,L-B,SPIC,SPIC,Imported,0,-,General Imports,-,,0,1465.581082,5064.014013,5089.158138,5124.801386,5063.001346,5080.098229,5100.346842,4037.544112,4042.15167,4045.565644,4046.04038,3992.707333
58.2,Dongxu Tianyuan import,Shanxi,Shanxi,L-B,Tianyuan Chemical,Other,Imported,0,-,General Imports,-,,0,0,799.58116,803.5512849,809.1791662,799.4212651,802.1207731,805.3179224,0,0,0,0,0
59.1,East Hope Lingshi,Shanxi,Shanxi,H-B,East Hope,East Hope,Imported,0,-,General Imports,-,,0,0,0,2008.878212,3236.716665,3597.395693,4010.603865,2684.393075,2691.696074,2694.76778,2697.043762,2697.360253,2661.804889
59.2,East Hope Lingshi Import,Shanxi,Shanxi,L-B,East Hope,East Hope,Imported,0,-,General Imports,-,,0,1065.877151,2132.216427,2142.803426,2157.81111,2131.79004,2138.988728,2147.51446,2153.35686,2155.814224,2157.63501,2157.888203,2129.443911
60,Huaqing,Shanxi,Shanxi,H-B,Private,Other,Imported,0,-,General Imports,-,,0,0,0,0,0,719.4791386,802.1207731,805.3179224,807.5088223,808.4303339,809.1131287,809.208076,798.5414666
62,Senze,Shanxi,Shanxi,H-B & Sinter (1.2:0.1),Senze,Other,Imported,0,-,General Imports,-,,0,0,0,0,0,2877.916554,2673.73591,2684.393075,2691.696074,2155.814224,2157.63501,2157.888203,2129.443911
63,Taixing,Shanxi,Shanxi,H-B,Private,Other,Imported,0,-,General Imports,-,,0,0,0,401.7756425,0,0,0,0,0,0,0,0,0
65,Xinfa - Jiaokou,Shanxi,Shanxi,H-B,Xinfa,Xinfa,Imported,0,-,General Imports,-,,0,0,0,0,4315.62222,4796.527591,5347.47182,5368.786149,4979.637738,4176.890059,4315.27002,4315.776405,4258.887822
66,Xinfa - Xiaoyi,Shanxi,Shanxi,H-B,Xinfa,Xinfa,Imported,0,-,General Imports,-,,0,0,2238.827248,3749.905996,6041.871108,6715.138627,7486.460548,7516.300609,6460.070579,6467.442672,6472.90503,6473.664608,6388.331733
67.1,Xingan Chemical,Shanxi,Shanxi,H-B,Jinjiang,Jinjiang,Imported,0,-,General Imports,-,,0,0,1599.16232,2544.579069,4099.841109,4556.701211,5080.098229,5100.346842,4575.883327,4581.105226,4315.27002,4315.776405,4258.887822
67.2,Xingan Chemical import,Shanxi,Shanxi,L-B,Jinjiang,Jinjiang,Imported,0,-,General Imports,-,,0,0,1332.635267,1339.252142,1348.631944,1332.368775,1336.867955,1342.196537,1345.848037,1347.38389,1078.817505,1078.944101,1064.721956
68,Yangquan Zhaofeng,Shanxi,Shanxi,H-B (Lime),"Xinfa, Yangquan Coal",Xinfa,Imported,0,-,General Imports,-,,0,0,0,0,1078.905555,1199.131898,1336.867955,1342.196537,1345.848037,1347.38389,1348.521881,1348.680127,1330.902444
70.2,Xinghua (Chalco Jiaokou) import,Shanxi,Shanxi,H-B,Chalco,Chalco,Imported,0,-,General Imports,-,,0,346.4100739,1465.898793,1339.252142,1348.631944,1332.368775,1069.494364,1073.75723,1076.67843,1077.907112,1078.817505,1078.944101,1064.721956
72,Fusheng,Shanxi,Shanxi,H-B,Jinjiang,Jinjiang,Imported,0,-,General Imports,-,,0,0,0,1071.401713,1510.467777,1438.958277,1604.241546,1610.635845,1615.017645,1347.38389,1348.521881,1348.680127,1330.902444
73,YMG - Wenshan,Yunnan,Other,H-B,Yunnan Aluminium Companuy,Chalco,Imported,0,-,General Imports,-,,0,0,0,0,0,0,2807.422706,2899.144521,3068.533525,3233.721336,3236.452515,3236.832304,2661.804889
74,Guangxi - blending,Guangxi,Guangxi,H-B,spare,spare,Imported,0,-,General Imports,-,,0,447.6684032,1066.108213,535.7008566,0,0,0,0,0,0,0,0,0
76,Henan - blending,Henan,Henan,H-B,spare,spare,Imported,0,-,General Imports,-,,0,346.4100739,0,0,0,0,0,0,0,0,0,0,0
77,Shanxi - blending,Shanxi,Shanxi,H-B,spare,spare,Imported,0,-,General Imports,-,,0,2797.92752,932.8446866,0,0,0,0,0,0,0,0,0,0
78,Other - blending,Other,Other,H-B,spare,spare,Imported,0,-,General Imports,-,,0,415.6920887,0,0,0,0,0,0,0,0,0,0,0
