index,2014,2015,2016,2017,2018,2019,2020,2021,2022,2023,2024,2025,2026,2027,2028,2029,2030,2031,2032,2033,2034,2035,2036,2037,2038,2039,2040
0, , , , , , ,"Chalco Boffa,[$/dmt 10.0,[2.86 mln dmt]","Chalco Boffa,[$/dmt 10.0,[3.81 mln dmt]","Chalco Boffa,[$/dmt 10.0,[3.81 mln dmt]","Chalco Boffa,[$/dmt 10.0,[3.81 mln dmt]","Chalco Boffa,[$/dmt 10.0,[3.81 mln dmt]","Chalco Boffa,[$/dmt 10.0,[4.23 mln dmt]","Chalco Boffa,[$/dmt 10.0,[4.23 mln dmt]","Chalco Boffa,[$/dmt 10.0,[4.23 mln dmt]","Chalco Boffa,[$/dmt 10.0,[4.23 mln dmt]","Chalco Boffa,[$/dmt 10.0,[4.23 mln dmt]","Chalco Boffa,[$/dmt 10.0,[4.23 mln dmt]","Chalco Boffa,[$/dmt 10.0,[4.23 mln dmt]","Chalco Boffa,[$/dmt 10.0,[13.5 mln dmt]","Chalco Boffa,[$/dmt 10.0,[13.5 mln dmt]","Chalco Boffa,[$/dmt 10.0,[13.5 mln dmt]","Chalco Boffa,[$/dmt 10.0,[13.5 mln dmt]","Chalco Boffa,[$/dmt 10.0,[13.5 mln dmt]","Chalco Boffa,[$/dmt 10.0,[13.5 mln dmt]","Chalco Boffa,[$/dmt 10.0,[13.5 mln dmt]","Chalco Boffa,[$/dmt 10.0,[13.5 mln dmt]","Chalco Boffa,[$/dmt 10.0,[13.5 mln dmt]"
1, , , , ,"Metro BH1 Xinfa,[$/dmt 10.0,[0.12 mln dmt]","Metro LT,[$/dmt 10.0,[1.24 mln dmt]","Metro BH1 Xinfa,[$/dmt 10.0,[1.92 mln dmt]","Metro BH1 Xinfa,[$/dmt 10.0,[1.92 mln dmt]","Metro BH1 Xinfa,[$/dmt 10.0,[3.04 mln dmt]","Metro BH1 Xinfa,[$/dmt 10.0,[3.04 mln dmt]","Metro BH1 Xinfa,[$/dmt 10.0,[3.04 mln dmt]","Metro BH1 Xinfa,[$/dmt 10.0,[3.04 mln dmt]","Metro BH1 Xinfa,[$/dmt 10.0,[3.04 mln dmt]","Metro BH1 Xinfa,[$/dmt 10.0,[3.38 mln dmt]","Metro BH1 Xinfa,[$/dmt 10.0,[3.38 mln dmt]","Metro BH1 Xinfa,[$/dmt 10.0,[3.38 mln dmt]","Metro BH1 Xinfa,[$/dmt 10.0,[3.38 mln dmt]","Metro BH1 Xinfa,[$/dmt 10.0,[3.38 mln dmt]","Metro BH1 Xinfa,[$/dmt 10.0,[9.0 mln dmt]","Metro BH1 Xinfa,[$/dmt 10.0,[9.0 mln dmt]","Metro BH1 Xinfa,[$/dmt 10.0,[9.0 mln dmt]","Metro BH1 Xinfa,[$/dmt 10.0,[9.0 mln dmt]","Metro BH1 Xinfa,[$/dmt 10.0,[9.0 mln dmt]","Metro BH1 Xinfa,[$/dmt 10.0,[9.0 mln dmt]","Metro BH1 Xinfa,[$/dmt 10.0,[9.0 mln dmt]","Metro BH1 Xinfa,[$/dmt 10.0,[9.0 mln dmt]","Metro BH1 Xinfa,[$/dmt 10.0,[9.0 mln dmt]"
2,"Gove,[$/dmt 20.1,[4.2 mln dmt]","Gove,[$/dmt 20.1,[4.67 mln dmt]","Gove,[$/dmt 17.7,[4.7 mln dmt]","Vietnam Others,[$/dmt 18.3,[5.32 mln dmt]","Ashapura Guinea,[$/dmt 10.0,[7.13 mln dmt]","Metro BH1,[$/dmt 10.0,[2.32 mln dmt]","Weiqiao Self Supply,[$/dmt 10.0,[2.21 mln dmt]","Weiqiao Self Supply,[$/dmt 10.0,[2.21 mln dmt]","Weiqiao Self Supply,[$/dmt 10.0,[2.21 mln dmt]","Weiqiao Self Supply,[$/dmt 10.0,[2.38 mln dmt]","Weiqiao Self Supply,[$/dmt 10.0,[2.38 mln dmt]","Weiqiao Self Supply,[$/dmt 10.0,[2.38 mln dmt]","Weiqiao Self Supply,[$/dmt 10.0,[2.38 mln dmt]","Weiqiao Self Supply,[$/dmt 10.0,[2.38 mln dmt]","Weiqiao Self Supply,[$/dmt 10.0,[2.38 mln dmt]","Weiqiao Self Supply,[$/dmt 10.0,[2.38 mln dmt]","Weiqiao Self Supply,[$/dmt 10.0,[2.38 mln dmt]","Weiqiao Self Supply,[$/dmt 10.0,[2.38 mln dmt]", , , , , , , , , 
3,"Vietnam Others,[$/dmt 23.6,[1.89 mln dmt]","Vietnam Others,[$/dmt 23.6,[2.87 mln dmt]","Vietnam Others,[$/dmt 19.6,[3.48 mln dmt]","Gove,[$/dmt 19.9,[4.28 mln dmt]","Weiqiao Self Supply,[$/dmt 10.0,[3.17 mln dmt]","Metro Blend,[$/dmt 10.0,[2.83 mln dmt]","SPIC,[$/dmt 10.0,[3.06 mln dmt]","SPIC,[$/dmt 10.0,[3.06 mln dmt]","SPIC,[$/dmt 10.0,[3.06 mln dmt]","SPIC,[$/dmt 10.0,[3.06 mln dmt]","SPIC,[$/dmt 10.0,[3.06 mln dmt]","SPIC,[$/dmt 10.0,[3.06 mln dmt]","SPIC,[$/dmt 10.0,[3.06 mln dmt]","SPIC,[$/dmt 10.0,[3.06 mln dmt]","SPIC,[$/dmt 10.0,[3.06 mln dmt]","SPIC,[$/dmt 10.0,[3.06 mln dmt]","SPIC,[$/dmt 10.0,[3.06 mln dmt]","SPIC,[$/dmt 10.0,[3.06 mln dmt]","SPIC,[$/dmt 10.0,[11.5 mln dmt]","SPIC,[$/dmt 10.0,[11.5 mln dmt]","SPIC,[$/dmt 10.0,[11.5 mln dmt]","SPIC,[$/dmt 10.0,[11.5 mln dmt]","SPIC,[$/dmt 10.0,[11.5 mln dmt]","SPIC,[$/dmt 10.0,[11.5 mln dmt]","SPIC,[$/dmt 10.0,[11.5 mln dmt]","SPIC,[$/dmt 10.0,[11.5 mln dmt]","SPIC,[$/dmt 10.0,[11.5 mln dmt]"
4, , , ,"Dian Dian,[$/dmt 26.6,[1.46 mln dmt]", , , , , , , , , , , , , , , , , , , , , , , 
5,"Other,[$/dmt 30.0,[1.88 mln dmt]","Other,[$/dmt 30.0,[2.86 mln dmt]","Mokanji,[$/dmt 26.7,[1.66 mln dmt]","Solomon Islands,[$/dmt 27.3,[0.78 mln dmt]","Gove,[$/dmt 21.8,[0.24 mln dmt]","Metro BH1 Xinfa,[$/dmt 10.0,[0.15 mln dmt]","Vietnam Others,[$/dmt 23.7,[2.92 mln dmt]","Vietnam Others,[$/dmt 23.5,[2.92 mln dmt]","Vietnam Others,[$/dmt 23.4,[2.92 mln dmt]","Vietnam Others,[$/dmt 23.8,[2.92 mln dmt]","Vietnam Others,[$/dmt 23.8,[2.92 mln dmt]","Vietnam Others,[$/dmt 23.8,[2.92 mln dmt]","Vietnam Others,[$/dmt 23.8,[2.92 mln dmt]","Vietnam Others,[$/dmt 23.8,[2.92 mln dmt]","Vietnam Others,[$/dmt 23.8,[2.92 mln dmt]","Vietnam Others,[$/dmt 23.8,[2.92 mln dmt]","Vietnam Others,[$/dmt 23.8,[2.92 mln dmt]","Vietnam Others,[$/dmt 23.8,[2.92 mln dmt]","Vietnam Others,[$/dmt 23.8,[8.0 mln dmt]","Vietnam Others,[$/dmt 23.8,[8.0 mln dmt]","Vietnam Others,[$/dmt 23.8,[8.0 mln dmt]","Vietnam Others,[$/dmt 23.8,[8.0 mln dmt]","Vietnam Others,[$/dmt 23.8,[8.0 mln dmt]","Vietnam Others,[$/dmt 23.8,[8.0 mln dmt]","Vietnam Others,[$/dmt 23.8,[8.0 mln dmt]","Vietnam Others,[$/dmt 23.8,[8.0 mln dmt]","Vietnam Others,[$/dmt 23.8,[8.0 mln dmt]"
6,"Weipa,[$/dmt 31.9,[3.48 mln dmt]", , ,"Huntly,[$/dmt 28.3,[0.53 mln dmt]","Other,[$/dmt 30.0,[2.99 mln dmt]","Weiqiao Self Supply,[$/dmt 10.0,[5.58 mln dmt]","Other,[$/dmt 30.0,[5.94 mln dmt]","Other,[$/dmt 30.0,[4.4 mln dmt]","Other,[$/dmt 30.0,[0.48 mln dmt]", , , , , , , , , , , , , , , , , , 
7, , , ,"SPIC,[$/dmt 29.5,[0.73 mln dmt]", , , , ,"Dian Dian,[$/dmt 31.6,[1.91 mln dmt]","Dian Dian,[$/dmt 32.2,[3.83 mln dmt]","Dian Dian,[$/dmt 32.2,[3.83 mln dmt]","Dian Dian,[$/dmt 32.2,[3.82 mln dmt]","Dian Dian,[$/dmt 32.2,[3.82 mln dmt]","Dian Dian,[$/dmt 32.2,[3.83 mln dmt]","Dian Dian,[$/dmt 32.2,[3.83 mln dmt]","Dian Dian,[$/dmt 32.2,[3.83 mln dmt]","Dian Dian,[$/dmt 32.2,[3.83 mln dmt]","Dian Dian,[$/dmt 32.2,[3.83 mln dmt]", , , , , , , , , 
8,"Huntly,[$/dmt 33.7,[1.1 mln dmt]","Huntly,[$/dmt 33.7,[8.16 mln dmt]","GAC,[$/dmt 27.8,[2.59 mln dmt]","Other,[$/dmt 30.0,[1.64 mln dmt]","Solomon Islands,[$/dmt 33.5,[0.19 mln dmt]","Gove,[$/dmt 21.1,[0.3 mln dmt]","West Kalimantan,[$/dmt 36.1,[2.1 mln dmt]","Metro LT,[$/dmt 34.7,[2.1 mln dmt]","Metro LT,[$/dmt 34.6,[2.1 mln dmt]","Solomon Islands,[$/dmt 34.4,[2.1 mln dmt]","Solomon Islands,[$/dmt 34.4,[2.1 mln dmt]","Solomon Islands,[$/dmt 34.4,[1.4 mln dmt]","Solomon Islands,[$/dmt 34.4,[0.7 mln dmt]", , , , , , , , , , , , , , 
9,"Alufer (Bel Air),[$/dmt 34.0,[0.14 mln dmt]","Alufer (Bel Air),[$/dmt 34.0,[0.06 mln dmt]","Weipa,[$/dmt 29.4,[0.02 mln dmt]","West Kalimantan,[$/dmt 31.3,[0.04 mln dmt]","West Kalimantan,[$/dmt 34.5,[0.02 mln dmt]", , , , , , , , , , , , , ,"Metro LT,[$/dmt 34.9,[0.6 mln dmt]","Metro LT,[$/dmt 34.9,[0.6 mln dmt]","Metro LT,[$/dmt 34.9,[0.6 mln dmt]","Metro LT,[$/dmt 34.9,[0.6 mln dmt]","Metro LT,[$/dmt 34.9,[0.6 mln dmt]","Metro LT,[$/dmt 34.9,[0.6 mln dmt]","Metro LT,[$/dmt 34.9,[0.6 mln dmt]","Metro LT,[$/dmt 34.9,[0.6 mln dmt]","Metro LT,[$/dmt 34.9,[0.6 mln dmt]"
10,"GAC,[$/dmt 34.1,[0.58 mln dmt]","GAC,[$/dmt 34.1,[0.42 mln dmt]","Solomon Islands,[$/dmt 29.4,[0.1 mln dmt]", , , ,"Metro LT,[$/dmt 38.0,[0.73 mln dmt]","West Kalimantan,[$/dmt 35.8,[0.73 mln dmt]","West Kalimantan,[$/dmt 35.7,[0.73 mln dmt]","Metro BH1,[$/dmt 35.6,[0.76 mln dmt]","Metro BH1,[$/dmt 35.6,[0.76 mln dmt]","Metro BH1,[$/dmt 35.6,[0.76 mln dmt]","Metro BH1,[$/dmt 35.6,[0.76 mln dmt]","Metro BH1,[$/dmt 35.6,[0.76 mln dmt]","Metro BH1,[$/dmt 35.6,[0.76 mln dmt]","Metro BH1,[$/dmt 35.6,[0.76 mln dmt]","Metro BH1,[$/dmt 35.6,[0.76 mln dmt]","Metro BH1,[$/dmt 35.6,[0.76 mln dmt]","Metro BH1,[$/dmt 35.6,[2.0 mln dmt]","Metro BH1,[$/dmt 35.6,[2.0 mln dmt]","Metro BH1,[$/dmt 35.6,[2.0 mln dmt]","Metro BH1,[$/dmt 35.6,[2.0 mln dmt]","Metro BH1,[$/dmt 35.6,[2.0 mln dmt]","Metro BH1,[$/dmt 35.6,[2.0 mln dmt]","Metro BH1,[$/dmt 35.6,[2.0 mln dmt]","Metro BH1,[$/dmt 35.6,[2.0 mln dmt]","Metro BH1,[$/dmt 35.6,[2.0 mln dmt]"
11, , , ,"Mokanji,[$/dmt 32.7,[0.15 mln dmt]","GAC,[$/dmt 36.2,[0.41 mln dmt]","Other,[$/dmt 30.0,[0.17 mln dmt]","Huntly,[$/dmt 38.3,[0.87 mln dmt]","Solomon Islands,[$/dmt 36.3,[0.87 mln dmt]","Solomon Islands,[$/dmt 36.1,[0.87 mln dmt]","West Kalimantan,[$/dmt 36.1,[0.87 mln dmt]","West Kalimantan,[$/dmt 36.1,[0.87 mln dmt]","West Kalimantan,[$/dmt 36.1,[0.87 mln dmt]","West Kalimantan,[$/dmt 36.1,[0.87 mln dmt]","West Kalimantan,[$/dmt 36.1,[0.87 mln dmt]","West Kalimantan,[$/dmt 36.1,[0.87 mln dmt]","West Kalimantan,[$/dmt 36.1,[0.87 mln dmt]","West Kalimantan,[$/dmt 36.1,[1.07 mln dmt]","West Kalimantan,[$/dmt 36.1,[1.07 mln dmt]","West Kalimantan,[$/dmt 36.1,[2.5 mln dmt]","West Kalimantan,[$/dmt 36.1,[2.5 mln dmt]","West Kalimantan,[$/dmt 36.1,[2.5 mln dmt]","West Kalimantan,[$/dmt 36.1,[2.5 mln dmt]","West Kalimantan,[$/dmt 36.1,[2.5 mln dmt]","West Kalimantan,[$/dmt 36.1,[2.5 mln dmt]","West Kalimantan,[$/dmt 36.1,[2.5 mln dmt]","West Kalimantan,[$/dmt 36.1,[2.5 mln dmt]","West Kalimantan,[$/dmt 36.1,[2.5 mln dmt]"
12,"West Kalimantan,[$/dmt 35.9,[0.37 mln dmt]","West Kalimantan,[$/dmt 35.9,[0.33 mln dmt]","Henan-Chine,[$/dmt 29.7,[0.48 mln dmt]","Alufer (Bel Air),[$/dmt 32.9,[0.35 mln dmt]","Weipa,[$/dmt 36.8,[0.25 mln dmt]","Weipa,[$/dmt 34.8,[0.13 mln dmt]","Weipa,[$/dmt 38.6,[0.42 mln dmt]","Huntly,[$/dmt 37.6,[0.42 mln dmt]","Huntly,[$/dmt 37.3,[0.42 mln dmt]","Weipa,[$/dmt 37.8,[0.42 mln dmt]","Weipa,[$/dmt 37.8,[0.42 mln dmt]","Weipa,[$/dmt 37.8,[0.42 mln dmt]","Weipa,[$/dmt 37.8,[0.42 mln dmt]","Weipa,[$/dmt 37.8,[0.42 mln dmt]","Weipa,[$/dmt 37.8,[0.42 mln dmt]","Weipa,[$/dmt 37.8,[0.42 mln dmt]","Weipa,[$/dmt 37.8,[0.53 mln dmt]","Weipa,[$/dmt 37.8,[0.53 mln dmt]","Weipa,[$/dmt 37.8,[1.2 mln dmt]","Weipa,[$/dmt 37.8,[1.2 mln dmt]","Weipa,[$/dmt 37.8,[1.2 mln dmt]","Weipa,[$/dmt 37.8,[1.2 mln dmt]","Weipa,[$/dmt 37.8,[1.2 mln dmt]","Weipa,[$/dmt 37.8,[1.2 mln dmt]","Weipa,[$/dmt 37.8,[1.2 mln dmt]","Weipa,[$/dmt 37.8,[1.2 mln dmt]","Weipa,[$/dmt 37.8,[1.2 mln dmt]"
13,"Solomon Islands,[$/dmt 36.3,[0.09 mln dmt]","Solomon Islands,[$/dmt 36.3,[0.16 mln dmt]","Other,[$/dmt 30.0,[1.38 mln dmt]","Henan-Chine,[$/dmt 33.9,[1.06 mln dmt]","Alufer (Bel Air),[$/dmt 37.0,[0.16 mln dmt]","West Kalimantan,[$/dmt 34.9,[0.39 mln dmt]","Metro BH1,[$/dmt 38.7,[1.29 mln dmt]","Metro Blend,[$/dmt 37.7,[1.29 mln dmt]","GAC,[$/dmt 38.0,[1.29 mln dmt]","Huntly,[$/dmt 38.3,[2.86 mln dmt]","Huntly,[$/dmt 38.3,[2.86 mln dmt]","Huntly,[$/dmt 38.3,[2.86 mln dmt]","Huntly,[$/dmt 38.3,[2.86 mln dmt]","Huntly,[$/dmt 38.3,[2.86 mln dmt]","Huntly,[$/dmt 38.3,[3.67 mln dmt]","Huntly,[$/dmt 38.3,[3.67 mln dmt]","Huntly,[$/dmt 38.3,[4.12 mln dmt]","Huntly,[$/dmt 38.3,[4.12 mln dmt]","Huntly,[$/dmt 38.3,[8.55 mln dmt]","Huntly,[$/dmt 38.3,[8.55 mln dmt]","Huntly,[$/dmt 38.3,[8.55 mln dmt]","Huntly,[$/dmt 38.3,[8.55 mln dmt]","Huntly,[$/dmt 38.3,[8.55 mln dmt]","Huntly,[$/dmt 38.3,[8.55 mln dmt]","Huntly,[$/dmt 38.3,[8.55 mln dmt]","Huntly,[$/dmt 38.3,[8.55 mln dmt]","Huntly,[$/dmt 38.3,[8.55 mln dmt]"
14, , , , , , , , ,"Metro Blend,[$/dmt 38.1,[0.79 mln dmt]","GAC,[$/dmt 38.7,[1.57 mln dmt]","GAC,[$/dmt 38.7,[1.57 mln dmt]","GAC,[$/dmt 38.7,[3.14 mln dmt]","GAC,[$/dmt 38.7,[3.14 mln dmt]","GAC,[$/dmt 38.7,[3.14 mln dmt]","GAC,[$/dmt 38.7,[3.14 mln dmt]","GAC,[$/dmt 38.7,[3.14 mln dmt]","GAC,[$/dmt 38.7,[4.12 mln dmt]","GAC,[$/dmt 38.7,[4.12 mln dmt]","GAC,[$/dmt 38.7,[9.0 mln dmt]","GAC,[$/dmt 38.7,[9.0 mln dmt]","GAC,[$/dmt 38.7,[9.0 mln dmt]","GAC,[$/dmt 38.7,[9.0 mln dmt]","GAC,[$/dmt 38.7,[9.0 mln dmt]","GAC,[$/dmt 38.7,[9.0 mln dmt]","GAC,[$/dmt 38.7,[9.0 mln dmt]","GAC,[$/dmt 38.7,[9.0 mln dmt]","GAC,[$/dmt 38.7,[9.0 mln dmt]"
15, , , , , , ,"Dynamic,[$/dmt 39.9,[2.64 mln dmt]","Weipa,[$/dmt 38.3,[2.64 mln dmt]","Weipa,[$/dmt 38.2,[2.64 mln dmt]","Metro Blend,[$/dmt 39.0,[1.81 mln dmt]","Dynamic,[$/dmt 39.5,[1.25 mln dmt]","Dynamic,[$/dmt 39.5,[1.25 mln dmt]","Dynamic,[$/dmt 39.5,[1.25 mln dmt]","Dynamic,[$/dmt 39.5,[1.25 mln dmt]","Dynamic,[$/dmt 39.5,[1.25 mln dmt]","Dynamic,[$/dmt 39.5,[1.25 mln dmt]","Dynamic,[$/dmt 39.5,[1.25 mln dmt]","Dynamic,[$/dmt 39.5,[1.25 mln dmt]","Dynamic,[$/dmt 39.5,[11.7 mln dmt]","Dynamic,[$/dmt 39.5,[11.7 mln dmt]","Dynamic,[$/dmt 39.5,[11.7 mln dmt]","Dynamic,[$/dmt 39.5,[11.7 mln dmt]","Dynamic,[$/dmt 39.5,[11.7 mln dmt]","Dynamic,[$/dmt 39.5,[11.7 mln dmt]","Dynamic,[$/dmt 39.5,[11.7 mln dmt]","Dynamic,[$/dmt 39.5,[11.7 mln dmt]","Dynamic,[$/dmt 39.5,[11.7 mln dmt]"
16, ,"Dynamic,[$/dmt 37.9,[0.12 mln dmt]","Juruti,[$/dmt 32.0,[0.1 mln dmt]","Dynamic,[$/dmt 36.1,[0.64 mln dmt]","AMC,[$/dmt 39.5,[0.68 mln dmt]","GAC,[$/dmt 35.4,[0.46 mln dmt]","CBG,[$/dmt 40.5,[0.76 mln dmt]","Dynamic,[$/dmt 39.1,[0.76 mln dmt]","Dynamic,[$/dmt 38.8,[0.76 mln dmt]","Dynamic,[$/dmt 39.5,[0.76 mln dmt]","Metro Blend,[$/dmt 39.6,[0.76 mln dmt]","Metro Blend,[$/dmt 40.1,[0.76 mln dmt]","CBG,[$/dmt 40.1,[0.76 mln dmt]","CBG,[$/dmt 40.1,[0.76 mln dmt]","CBG,[$/dmt 40.1,[0.76 mln dmt]","CBG,[$/dmt 40.1,[0.76 mln dmt]","CBG,[$/dmt 40.1,[0.76 mln dmt]","CBG,[$/dmt 40.1,[0.76 mln dmt]","CBG,[$/dmt 40.1,[2.8 mln dmt]","CBG,[$/dmt 40.1,[2.8 mln dmt]","CBG,[$/dmt 40.1,[2.8 mln dmt]","CBG,[$/dmt 40.1,[2.8 mln dmt]","CBG,[$/dmt 40.1,[2.8 mln dmt]","CBG,[$/dmt 40.1,[2.8 mln dmt]","CBG,[$/dmt 40.1,[2.8 mln dmt]","CBG,[$/dmt 40.1,[2.8 mln dmt]","CBG,[$/dmt 40.1,[2.8 mln dmt]"
17, , , , , , , , , , , ,"CBG,[$/dmt 40.1,[0.52 mln dmt]","Henan-Chine,[$/dmt 40.4,[0.52 mln dmt]","Henan-Chine,[$/dmt 40.4,[0.52 mln dmt]","Henan-Chine,[$/dmt 40.4,[0.52 mln dmt]","Henan-Chine,[$/dmt 40.4,[0.52 mln dmt]","Henan-Chine,[$/dmt 40.4,[0.53 mln dmt]","Henan-Chine,[$/dmt 40.4,[0.53 mln dmt]", , , , , , , , , 
18, , , , , , , , , ,"Henan-Chine,[$/dmt 40.4,[1.18 mln dmt]","Henan-Chine,[$/dmt 40.4,[2.36 mln dmt]","Henan-Chine,[$/dmt 40.4,[2.76 mln dmt]","Metro Blend,[$/dmt 40.6,[2.76 mln dmt]","Metro Blend,[$/dmt 41.1,[2.95 mln dmt]","AMC,[$/dmt 41.1,[3.15 mln dmt]","AMC,[$/dmt 41.1,[3.15 mln dmt]","AMC,[$/dmt 41.1,[3.15 mln dmt]","AMC,[$/dmt 41.1,[3.15 mln dmt]","AMC,[$/dmt 41.1,[10.0 mln dmt]","AMC,[$/dmt 41.1,[15.0 mln dmt]","AMC,[$/dmt 41.1,[15.0 mln dmt]","AMC,[$/dmt 41.1,[17.0 mln dmt]","AMC,[$/dmt 41.1,[20.0 mln dmt]","AMC,[$/dmt 41.1,[20.0 mln dmt]","AMC,[$/dmt 41.1,[20.0 mln dmt]","AMC,[$/dmt 41.1,[20.0 mln dmt]","AMC,[$/dmt 41.1,[20.0 mln dmt]"
19, , , , , , , , , , , , , , , , , , ,"Alufer (Bel Air),[$/dmt 41.2,[2.98 mln dmt]","Alufer (Bel Air),[$/dmt 41.2,[3.05 mln dmt]","Alufer (Bel Air),[$/dmt 41.2,[2.2 mln dmt]", , , , , , 
20,"AMC,[$/dmt 39.4,[0.22 mln dmt]","AMC,[$/dmt 39.4,[0.73 mln dmt]","MRN,[$/dmt 33.7,[1.96 mln dmt]","CBG,[$/dmt 38.7,[1.15 mln dmt]","Amrun,[$/dmt 43.4,[0.21 mln dmt]","AMC,[$/dmt 38.2,[0.31 mln dmt]","Alufer (Bel Air),[$/dmt 41.6,[1.26 mln dmt]","Alufer (Bel Air),[$/dmt 40.9,[1.26 mln dmt]","Alufer (Bel Air),[$/dmt 40.6,[1.26 mln dmt]","Alufer (Bel Air),[$/dmt 41.2,[1.26 mln dmt]", , , , , , , , ,"Amrun,[$/dmt 41.4,[2.85 mln dmt]","Amrun,[$/dmt 41.4,[2.85 mln dmt]","Amrun,[$/dmt 41.4,[2.85 mln dmt]","Amrun,[$/dmt 41.4,[2.85 mln dmt]","Amrun,[$/dmt 41.4,[2.85 mln dmt]","Amrun,[$/dmt 41.4,[2.85 mln dmt]","Amrun,[$/dmt 41.4,[2.85 mln dmt]","Amrun,[$/dmt 41.4,[2.85 mln dmt]","Amrun,[$/dmt 41.4,[2.85 mln dmt]"
21, , , ,"GDM,[$/dmt 38.8,[0.31 mln dmt]","Metro LT,[$/dmt 43.5,[0.48 mln dmt]","Juruti,[$/dmt 38.8,[0.6 mln dmt]","Amrun,[$/dmt 42.7,[0.77 mln dmt]","Juruti,[$/dmt 42.0,[0.77 mln dmt]","Juruti,[$/dmt 41.6,[0.77 mln dmt]","Amrun,[$/dmt 41.4,[0.77 mln dmt]","Amrun,[$/dmt 41.4,[0.77 mln dmt]","Amrun,[$/dmt 41.4,[0.77 mln dmt]","Amrun,[$/dmt 41.4,[0.77 mln dmt]","Amrun,[$/dmt 41.4,[0.77 mln dmt]","AMRUN HT,[$/dmt 41.4,[0.77 mln dmt]","AMRUN HT,[$/dmt 41.4,[0.77 mln dmt]","AMRUN HT,[$/dmt 41.4,[0.77 mln dmt]","AMRUN HT,[$/dmt 41.4,[0.77 mln dmt]","AMRUN HT,[$/dmt 41.4,[0.82 mln dmt]","AMRUN HT,[$/dmt 41.4,[0.82 mln dmt]","AMRUN HT,[$/dmt 41.4,[0.82 mln dmt]","AMRUN HT,[$/dmt 41.4,[0.82 mln dmt]","AMRUN HT,[$/dmt 41.4,[0.82 mln dmt]","AMRUN HT,[$/dmt 41.4,[0.82 mln dmt]","AMRUN HT,[$/dmt 41.4,[0.82 mln dmt]","AMRUN HT,[$/dmt 41.4,[0.82 mln dmt]","AMRUN HT,[$/dmt 41.4,[0.82 mln dmt]"
22, , ,"GDM,[$/dmt 34.4,[0.02 mln dmt]", , , ,"AMRUN HT,[$/dmt 42.7,[0.39 mln dmt]","Amrun,[$/dmt 42.3,[0.39 mln dmt]","Amrun,[$/dmt 42.2,[0.39 mln dmt]","AMRUN HT,[$/dmt 41.4,[0.39 mln dmt]","AMRUN HT,[$/dmt 41.4,[0.39 mln dmt]","AMRUN HT,[$/dmt 41.4,[0.39 mln dmt]","AMRUN HT,[$/dmt 41.4,[0.39 mln dmt]","AMRUN HT,[$/dmt 41.4,[0.77 mln dmt]","Metro Blend,[$/dmt 41.6,[0.77 mln dmt]","Metro Blend,[$/dmt 42.1,[0.77 mln dmt]","Juruti,[$/dmt 42.4,[0.77 mln dmt]","Juruti,[$/dmt 42.4,[1.16 mln dmt]","Juruti,[$/dmt 42.4,[4.0 mln dmt]","Juruti,[$/dmt 42.4,[5.0 mln dmt]","Juruti,[$/dmt 42.4,[5.0 mln dmt]","Juruti,[$/dmt 42.4,[5.0 mln dmt]","Juruti,[$/dmt 42.4,[5.0 mln dmt]","Juruti,[$/dmt 42.4,[5.0 mln dmt]","Juruti,[$/dmt 42.4,[5.0 mln dmt]","Juruti,[$/dmt 42.4,[5.0 mln dmt]","Juruti,[$/dmt 42.4,[5.0 mln dmt]"
23, , , , ,"Metro BH1,[$/dmt 44.1,[0.21 mln dmt]", , , , , , , , , , , , , , , , , , , , , , 
24, , , , , ,"SMB Malapouya,[$/dmt 41.5,[0.52 mln dmt]","AGB2A,[$/dmt 43.5,[3.71 mln dmt]","AGB2A,[$/dmt 42.8,[3.53 mln dmt]","AGB2A,[$/dmt 42.5,[3.23 mln dmt]","AGB2A,[$/dmt 43.2,[3.36 mln dmt]","AGB2A,[$/dmt 43.2,[3.26 mln dmt]","AGB2A,[$/dmt 43.2,[3.26 mln dmt]","AGB2A,[$/dmt 43.2,[3.26 mln dmt]","AGB2A,[$/dmt 43.2,[2.86 mln dmt]","AGB2A,[$/dmt 43.2,[2.66 mln dmt]","AGB2A,[$/dmt 43.2,[2.56 mln dmt]","AGB2A,[$/dmt 43.2,[2.56 mln dmt]","AGB2A,[$/dmt 43.2,[2.56 mln dmt]","AGB2A,[$/dmt 43.2,[12.0 mln dmt]","AGB2A,[$/dmt 43.2,[12.0 mln dmt]","AGB2A,[$/dmt 43.2,[12.0 mln dmt]","AGB2A,[$/dmt 43.2,[12.0 mln dmt]","AGB2A,[$/dmt 43.2,[12.0 mln dmt]","AGB2A,[$/dmt 43.2,[12.0 mln dmt]","AGB2A,[$/dmt 43.2,[12.0 mln dmt]","AGB2A,[$/dmt 43.2,[12.0 mln dmt]","AGB2A,[$/dmt 43.2,[12.0 mln dmt]"
25, , , , , , , , , , , , , , , , , , , , , , , , , , , 
26, , ,"Amrun,[$/dmt 35.8,[0.01 mln dmt]","AMR,[$/dmt 42.1,[0.15 mln dmt]","Chalco Boffa,[$/dmt 45.1,[0.44 mln dmt]","SMB Santou-Houda,[$/dmt 43.1,[0.53 mln dmt]","GDM,[$/dmt 45.7,[0.59 mln dmt]","GDM,[$/dmt 45.0,[0.59 mln dmt]","GDM,[$/dmt 44.7,[0.59 mln dmt]","GDM,[$/dmt 45.4,[1.34 mln dmt]","GDM,[$/dmt 45.4,[2.08 mln dmt]","GDM,[$/dmt 45.4,[2.08 mln dmt]","GDM,[$/dmt 45.4,[2.08 mln dmt]","GDM,[$/dmt 45.4,[2.08 mln dmt]","GDM,[$/dmt 45.4,[2.08 mln dmt]","GDM,[$/dmt 45.4,[2.08 mln dmt]","GDM,[$/dmt 45.4,[2.08 mln dmt]","GDM,[$/dmt 45.4,[2.08 mln dmt]","GDM,[$/dmt 45.4,[20.0 mln dmt]","GDM,[$/dmt 45.4,[20.0 mln dmt]","GDM,[$/dmt 45.4,[20.0 mln dmt]","GDM,[$/dmt 45.4,[20.0 mln dmt]","GDM,[$/dmt 45.4,[20.0 mln dmt]","GDM,[$/dmt 45.4,[20.0 mln dmt]","GDM,[$/dmt 45.4,[20.0 mln dmt]","GDM,[$/dmt 45.4,[20.0 mln dmt]","GDM,[$/dmt 45.4,[20.0 mln dmt]"
27, ,"Discovery Bay,[$/dmt 42.3,[0.01 mln dmt]","AMRUN HT,[$/dmt 35.8,[0.04 mln dmt]","Amrun,[$/dmt 42.2,[0.17 mln dmt]","Kuantan & Johor,[$/dmt 46.9,[0.28 mln dmt]","CBG,[$/dmt 44.0,[0.09 mln dmt]","SMB Santou-Houda,[$/dmt 46.5,[0.46 mln dmt]","SMB Santou-Houda,[$/dmt 45.8,[0.46 mln dmt]","SMB Santou-Houda,[$/dmt 45.6,[0.46 mln dmt]","SMB Santou-Houda,[$/dmt 46.2,[0.46 mln dmt]","SMB Santou-Houda,[$/dmt 46.2,[0.46 mln dmt]","SMB Santou-Houda,[$/dmt 46.2,[0.46 mln dmt]","SMB Santou-Houda,[$/dmt 46.2,[0.46 mln dmt]","SMB Santou-Houda,[$/dmt 46.2,[0.46 mln dmt]","SMB Santou-Houda,[$/dmt 46.2,[0.46 mln dmt]","SMB Santou-Houda,[$/dmt 46.2,[0.46 mln dmt]","SMB Santou-Houda,[$/dmt 46.2,[0.46 mln dmt]","SMB Santou-Houda,[$/dmt 46.2,[0.46 mln dmt]","SMB Santou-Houda,[$/dmt 46.2,[3.0 mln dmt]","SMB Santou-Houda,[$/dmt 46.2,[3.0 mln dmt]","SMB Santou-Houda,[$/dmt 46.2,[3.0 mln dmt]","SMB Santou-Houda,[$/dmt 46.2,[3.0 mln dmt]","SMB Santou-Houda,[$/dmt 46.2,[3.0 mln dmt]","SMB Santou-Houda,[$/dmt 46.2,[3.0 mln dmt]","SMB Santou-Houda,[$/dmt 46.2,[3.0 mln dmt]","SMB Santou-Houda,[$/dmt 46.2,[3.0 mln dmt]","SMB Santou-Houda,[$/dmt 46.2,[3.0 mln dmt]"
28, , ,"Metro LT,[$/dmt 36.4,[2.8 mln dmt]","AMRUN HT,[$/dmt 42.2,[1.38 mln dmt]", , , , , , , , , , , , , , , , , , , , , , , 
29, , , , , , , ,"Awaso,[$/dmt 47.5,[1.35 mln dmt]","Awaso,[$/dmt 47.0,[3.37 mln dmt]","Awaso,[$/dmt 48.2,[3.37 mln dmt]","Awaso,[$/dmt 48.2,[3.37 mln dmt]","Awaso,[$/dmt 48.2,[3.37 mln dmt]","Awaso,[$/dmt 48.2,[3.74 mln dmt]","Awaso,[$/dmt 48.2,[3.74 mln dmt]","Awaso,[$/dmt 48.2,[3.74 mln dmt]","Awaso,[$/dmt 48.2,[3.74 mln dmt]","Awaso,[$/dmt 48.2,[3.74 mln dmt]","Awaso,[$/dmt 48.2,[3.74 mln dmt]", , , , , , , , , 
30, , , , , ,"Mokanji,[$/dmt 45.7,[0.36 mln dmt]","Aurum Xinfa-Fiji,[$/dmt 48.7,[0.57 mln dmt]","Aurum Xinfa-Fiji,[$/dmt 48.2,[1.23 mln dmt]","Aurum Xinfa-Fiji,[$/dmt 47.9,[2.0 mln dmt]","AMR,[$/dmt 48.5,[1.99 mln dmt]","AMR,[$/dmt 48.5,[1.98 mln dmt]","AMR,[$/dmt 48.5,[1.97 mln dmt]","AMR,[$/dmt 48.5,[1.96 mln dmt]","AMR,[$/dmt 48.5,[1.95 mln dmt]","AMR,[$/dmt 48.5,[1.94 mln dmt]","AMR,[$/dmt 48.5,[1.93 mln dmt]","AMR,[$/dmt 48.5,[1.93 mln dmt]","AMR,[$/dmt 48.5,[1.92 mln dmt]","AMR,[$/dmt 48.5,[3.07 mln dmt]","AMR,[$/dmt 48.5,[2.99 mln dmt]","AMR,[$/dmt 48.5,[2.25 mln dmt]", , , , , , 
31, , , , , , , , , , , , , , , , , , , , , , , , , , , 
32, , , , , ,"Aurum Xinfa-Fiji,[$/dmt 46.0,[5.89 mln dmt]","Gujarat & Maharashtra,[$/dmt 49.2,[5.1 mln dmt]","Gujarat & Maharashtra,[$/dmt 48.6,[5.28 mln dmt]","Gujarat & Maharashtra,[$/dmt 48.3,[5.58 mln dmt]","Gujarat & Maharashtra,[$/dmt 49.1,[6.11 mln dmt]","Gujarat & Maharashtra,[$/dmt 49.1,[6.21 mln dmt]","Gujarat & Maharashtra,[$/dmt 49.1,[6.21 mln dmt]","Gujarat & Maharashtra,[$/dmt 49.1,[6.21 mln dmt]","Gujarat & Maharashtra,[$/dmt 49.1,[6.61 mln dmt]","Gujarat & Maharashtra,[$/dmt 49.1,[6.81 mln dmt]","Gujarat & Maharashtra,[$/dmt 49.1,[6.91 mln dmt]","Gujarat & Maharashtra,[$/dmt 49.1,[6.91 mln dmt]","Gujarat & Maharashtra,[$/dmt 49.1,[6.91 mln dmt]", , , , , , , , , 
33, , , , ,"Dabiss N,[$/dmt 48.8,[0.57 mln dmt]","MRN,[$/dmt 46.0,[0.73 mln dmt]","Rundi,[$/dmt 49.5,[0.76 mln dmt]","Rundi,[$/dmt 48.8,[0.76 mln dmt]", , , , , , , , , , , , , , , , , , , 
34, , , , , , , , , ,"Mokanji,[$/dmt 49.7,[0.82 mln dmt]","Mokanji,[$/dmt 49.7,[1.23 mln dmt]","Mokanji,[$/dmt 49.7,[1.23 mln dmt]","Mokanji,[$/dmt 49.7,[1.23 mln dmt]","Mokanji,[$/dmt 49.7,[1.23 mln dmt]","Mokanji,[$/dmt 49.7,[1.23 mln dmt]","Mokanji,[$/dmt 49.7,[1.23 mln dmt]","Mokanji,[$/dmt 49.7,[1.23 mln dmt]","Mokanji,[$/dmt 49.7,[1.23 mln dmt]","Mokanji,[$/dmt 49.7,[6.0 mln dmt]","Mokanji,[$/dmt 49.7,[6.0 mln dmt]","Mokanji,[$/dmt 49.7,[6.0 mln dmt]","Mokanji,[$/dmt 49.7,[6.0 mln dmt]","Mokanji,[$/dmt 49.7,[6.0 mln dmt]","Mokanji,[$/dmt 49.7,[6.0 mln dmt]","Mokanji,[$/dmt 49.7,[6.0 mln dmt]","Mokanji,[$/dmt 49.7,[6.0 mln dmt]","Mokanji,[$/dmt 49.7,[6.0 mln dmt]"
35, , , , , , , ,"SMB Kaboye,[$/dmt 49.4,[1.25 mln dmt]","SMB Kaboye,[$/dmt 49.1,[1.66 mln dmt]","SMB Kaboye,[$/dmt 49.8,[2.49 mln dmt]","SMB Kaboye,[$/dmt 49.8,[2.77 mln dmt]","SMB Kaboye,[$/dmt 49.8,[2.77 mln dmt]","SMB Kaboye,[$/dmt 49.8,[2.77 mln dmt]","SMB Kaboye,[$/dmt 49.8,[2.77 mln dmt]","SMB Kaboye,[$/dmt 49.8,[3.08 mln dmt]","SMB Kaboye,[$/dmt 49.8,[3.08 mln dmt]","SMB Kaboye,[$/dmt 49.8,[3.08 mln dmt]","SMB Kaboye,[$/dmt 49.8,[3.4 mln dmt]","SMB Kaboye,[$/dmt 49.8,[4.5 mln dmt]","SMB Kaboye,[$/dmt 49.8,[4.5 mln dmt]","SMB Kaboye,[$/dmt 49.8,[4.5 mln dmt]","SMB Kaboye,[$/dmt 49.8,[4.5 mln dmt]","SMB Kaboye,[$/dmt 49.8,[4.5 mln dmt]","SMB Kaboye,[$/dmt 49.8,[4.5 mln dmt]","SMB Kaboye,[$/dmt 49.8,[4.5 mln dmt]","SMB Kaboye,[$/dmt 49.8,[4.5 mln dmt]","SMB Kaboye,[$/dmt 49.8,[4.5 mln dmt]"
36, ,"SMB Kaboye,[$/dmt 46.4,[0.06 mln dmt]","SMB Dabiss S,[$/dmt 39.2,[0.17 mln dmt]","SMB Dabiss S,[$/dmt 44.3,[0.32 mln dmt]","Gujarat & Maharashtra,[$/dmt 49.6,[0.21 mln dmt]","Gujarat & Maharashtra,[$/dmt 47.0,[0.23 mln dmt]","Dabiss N,[$/dmt 50.3,[0.19 mln dmt]","Dabiss N,[$/dmt 49.6,[0.19 mln dmt]","Dabiss N,[$/dmt 49.4,[0.19 mln dmt]","Dabiss N,[$/dmt 50.0,[0.19 mln dmt]","Dabiss N,[$/dmt 50.0,[0.19 mln dmt]","Dabiss N,[$/dmt 50.0,[0.19 mln dmt]","Dabiss N,[$/dmt 50.0,[0.19 mln dmt]","Dabiss N,[$/dmt 50.0,[0.19 mln dmt]","Dabiss N,[$/dmt 50.0,[0.19 mln dmt]","Dabiss N,[$/dmt 50.0,[0.19 mln dmt]","Dabiss N,[$/dmt 50.0,[0.19 mln dmt]","Dabiss N,[$/dmt 50.0,[0.19 mln dmt]","Dabiss N,[$/dmt 50.0,[0.5 mln dmt]","Dabiss N,[$/dmt 50.0,[0.5 mln dmt]","Dabiss N,[$/dmt 50.0,[0.5 mln dmt]","Dabiss N,[$/dmt 50.0,[0.5 mln dmt]","Dabiss N,[$/dmt 50.0,[0.5 mln dmt]","Dabiss N,[$/dmt 50.0,[0.5 mln dmt]","Dabiss N,[$/dmt 50.0,[0.5 mln dmt]","Dabiss N,[$/dmt 50.0,[0.5 mln dmt]","Dabiss N,[$/dmt 50.0,[0.5 mln dmt]"
37, , , , , , , , , , , , , , , , , , , , , , , , , , , 
38, , , , ,"SPIC,[$/dmt 50.4,[0.07 mln dmt]", , , ,"Ashapura Guinea,[$/dmt 51.7,[0.86 mln dmt]","SMB Dabiss S,[$/dmt 50.9,[1.68 mln dmt]","SMB Dabiss S,[$/dmt 50.9,[1.68 mln dmt]","SMB Dabiss S,[$/dmt 50.9,[1.68 mln dmt]","SMB Dabiss S,[$/dmt 50.9,[1.68 mln dmt]","SMB Dabiss S,[$/dmt 50.9,[1.87 mln dmt]","SMB Dabiss S,[$/dmt 50.9,[1.87 mln dmt]","SMB Dabiss S,[$/dmt 50.9,[1.87 mln dmt]","SMB Dabiss S,[$/dmt 50.9,[1.87 mln dmt]","SMB Dabiss S,[$/dmt 50.9,[1.87 mln dmt]", , , , , , , , , 
39, , , ,"Ashapura Guinea,[$/dmt 46.9,[3.06 mln dmt]", , , , , , , , , , , , , , , , , , , , , , , 
40, , , ,"Metro Blend,[$/dmt 50.2,[2.19 mln dmt]","Discovery Bay,[$/dmt 53.4,[2.37 mln dmt]","Kuantan & Johor,[$/dmt 50.9,[3.59 mln dmt]","Discovery Bay,[$/dmt 54.0,[4.59 mln dmt]","Discovery Bay,[$/dmt 52.9,[3.59 mln dmt]","Discovery Bay,[$/dmt 52.4,[4.96 mln dmt]","Kuantan & Johor,[$/dmt 52.6,[4.96 mln dmt]","Kuantan & Johor,[$/dmt 52.6,[6.67 mln dmt]","Kuantan & Johor,[$/dmt 52.6,[6.67 mln dmt]","Kuantan & Johor,[$/dmt 52.6,[6.67 mln dmt]","Kuantan & Johor,[$/dmt 52.6,[6.67 mln dmt]","Kuantan & Johor,[$/dmt 52.6,[6.67 mln dmt]","Kuantan & Johor,[$/dmt 52.6,[6.67 mln dmt]","Kuantan & Johor,[$/dmt 52.6,[6.67 mln dmt]","Kuantan & Johor,[$/dmt 52.6,[3.48 mln dmt]", , , , , , , , , 
41, , , , ,"Aurukun,[$/dmt 62.3,[10.84 mln dmt]","Aurukun,[$/dmt 58.9,[12.03 mln dmt]","Aurukun,[$/dmt 60.3,[0.22 mln dmt]","Aurukun,[$/dmt 60.0,[2.83 mln dmt]","Aurukun,[$/dmt 59.8,[4.16 mln dmt]","Aurukun,[$/dmt 56.1,[2.7 mln dmt]","Aurukun,[$/dmt 56.1,[5.7 mln dmt]","Aurukun,[$/dmt 56.1,[2.34 mln dmt]","Aurukun,[$/dmt 56.1,[1.94 mln dmt]","Aurukun,[$/dmt 56.1,[3.28 mln dmt]","Aurukun,[$/dmt 56.1,[5.47 mln dmt]","Aurukun,[$/dmt 56.1,[6.76 mln dmt]","Aurukun,[$/dmt 56.1,[5.58 mln dmt]","Aurukun,[$/dmt 56.1,[8.8 mln dmt]", , , , , , , , , 
42, , , , , , , , , , , , , , , , , , ,"Metallica,[$/dmt 61.2,[9.0 mln dmt]","Metallica,[$/dmt 61.2,[0.67 mln dmt]","Metallica,[$/dmt 61.2,[6.27 mln dmt]","Metallica,[$/dmt 61.2,[9.0 mln dmt]","Metallica,[$/dmt 61.2,[9.0 mln dmt]","Metallica,[$/dmt 61.2,[9.0 mln dmt]","Metallica,[$/dmt 61.2,[9.0 mln dmt]","Metallica,[$/dmt 61.2,[9.0 mln dmt]","Metallica,[$/dmt 61.2,[9.0 mln dmt]"
43, , , , , ,"Dom. Rep.,[$/dmt 61.3,[0.03 mln dmt]", , , , , , , , , , , , , , , , , , , , , 
44, , , , , , , , , , , , , , , , , , , , , , , , , , , 
45, , , , , , , , , , , , , , , , , , , , , , , , , , , 
